timestamp_utc,label,value,context
2026-09-06T10:53:36.712474+00:00,members,500,"
Group Creation - Aug 30
500 Members - Aug 31
1000 Members - "
2026-09-06T10:53:36.712474+00:00,members,1000," 30
500 Members - Aug 31
1000 Members - Sept 2

- - - - - - - "
2026-09-06T10:53:36.712474+00:00,members,300," OF KEY

September 3rd - 300 Members! Key 352 Join rareuserna"
2026-09-06T13:48:41.699267+00:00,members,500,"
Group Creation - Aug 30
500 Members - Aug 31
1000 Members - "
2026-09-06T13:48:41.699267+00:00,members,1000," 30
500 Members - Aug 31
1000 Members - Sept 2

- - - - - - - "
2026-09-06T13:48:41.699267+00:00,members,300," OF KEY

September 3rd - 300 Members! Key 357 Join rareuserna"
2026-09-06T16:41:54.781255+00:00,members,500,"
Group Creation - Aug 30
500 Members - Aug 31
1000 Members - "
2026-09-06T16:41:54.781255+00:00,members,1000," 30
500 Members - Aug 31
1000 Members - Sept 2

- - - - - - - "
2026-09-06T16:41:54.781255+00:00,members,300," OF KEY

September 3rd - 300 Members! Key 359 Join rareuserna"
2026-09-06T18:39:21.680679+00:00,members,500,"
Group Creation - Aug 30
500 Members - Aug 31
1000 Members - "
2026-09-06T18:39:21.680679+00:00,members,1000," 30
500 Members - Aug 31
1000 Members - Sept 2

- - - - - - - "
2026-09-06T18:39:21.680679+00:00,members,300," OF KEY

September 3rd - 300 Members! Key 360 Join rareuserna"
2026-09-06T20:50:09.640922+00:00,members,500,"
Group Creation - Aug 30
500 Members - Aug 31
1000 Members - "
2026-09-06T20:50:09.640922+00:00,members,1000," 30
500 Members - Aug 31
1000 Members - Sept 2

- - - - - - - "
2026-09-06T20:50:09.640922+00:00,members,300," OF KEY

September 3rd - 300 Members! Key 362 Join rareuserna"
2026-09-06T22:40:08.441810+00:00,members,500,"
Group Creation - Aug 30
500 Members - Aug 31
1000 Members - "
2026-09-06T22:40:08.441810+00:00,members,1000," 30
500 Members - Aug 31
1000 Members - Sept 2

- - - - - - - "
2026-09-06T22:40:08.441810+00:00,members,300," OF KEY

September 3rd - 300 Members! Key 362 Join rareuserna"
2026-09-07T00:21:04.851653+00:00,members,500,"
Group Creation - Aug 30
500 Members - Aug 31
1000 Members - "
2026-09-07T00:21:04.851653+00:00,members,1000," 30
500 Members - Aug 31
1000 Members - Sept 2

- - - - - - - "
2026-09-07T00:21:04.851653+00:00,members,300," OF KEY

September 3rd - 300 Members! Key 362 Join rareuserna"
2026-09-07T05:01:13.749065+00:00,members,500,"
Group Creation - Aug 30
500 Members - Aug 31
1000 Members - "
2026-09-07T05:01:13.749065+00:00,members,1000," 30
500 Members - Aug 31
1000 Members - Sept 2

- - - - - - - "
2026-09-07T05:01:13.749065+00:00,members,300," OF KEY

September 3rd - 300 Members! Key 364 Join rareuserna"
2026-09-07T10:17:02.759013+00:00,members,500,"
Group Creation - Aug 30
500 Members - Aug 31
1000 Members - "
2026-09-07T10:17:02.759013+00:00,members,1000," 30
500 Members - Aug 31
1000 Members - Sept 2

- - - - - - - "
2026-09-07T10:17:02.759013+00:00,members,300," OF KEY

September 3rd - 300 Members! Key 365 Join rareuserna"
2026-09-07T15:58:31.297692+00:00,members,500,"
Group Creation - Aug 30
500 Members - Aug 31
1000 Members - "
2026-09-07T15:58:31.297692+00:00,members,1000," 30
500 Members - Aug 31
1000 Members - Sept 2

- - - - - - - "
2026-09-07T15:58:31.297692+00:00,members,300," OF KEY

September 3rd - 300 Members! Key 366 Join rareuserna"
2026-09-07T19:44:05.514643+00:00,members,500,"
Group Creation - Aug 30
500 Members - Aug 31
1000 Members - "
2026-09-07T19:44:05.514643+00:00,members,1000," 30
500 Members - Aug 31
1000 Members - Sept 2

- - - - - - - "
2026-09-07T19:44:05.514643+00:00,members,300," OF KEY

September 3rd - 300 Members! Key 367 Join rareuserna"
2026-09-07T22:17:17.557327+00:00,members,500,"
Group Creation - Aug 30
500 Members - Aug 31
1000 Members - "
2026-09-07T22:17:17.557327+00:00,members,1000," 30
500 Members - Aug 31
1000 Members - Sept 2

- - - - - - - "
2026-09-07T22:17:17.557327+00:00,members,300," OF KEY

September 3rd - 300 Members! Key 368 Join rareuserna"
2026-09-08T00:35:46.843301+00:00,members,500,"
Group Creation - Aug 30
500 Members - Aug 31
1000 Members - "
2026-09-08T00:35:46.843301+00:00,members,1000," 30
500 Members - Aug 31
1000 Members - Sept 2

- - - - - - - "
2026-09-08T00:35:46.843301+00:00,members,300," OF KEY

September 3rd - 300 Members! Key 368 Join rareuserna"
2026-09-08T05:15:24.393712+00:00,members,500,"
Group Creation - Aug 30
500 Members - Aug 31
1000 Members - "
2026-09-08T05:15:24.393712+00:00,members,1000," 30
500 Members - Aug 31
1000 Members - Sept 2

- - - - - - - "
2026-09-08T05:15:24.393712+00:00,members,300," OF KEY

September 3rd - 300 Members! Key 369 Join rareuserna"
2026-09-08T09:46:59.624511+00:00,members,500,"
Group Creation - Aug 30
500 Members - Aug 31
1000 Members - "
2026-09-08T09:46:59.624511+00:00,members,1000," 30
500 Members - Aug 31
1000 Members - Sept 2

- - - - - - - "
2026-09-08T09:46:59.624511+00:00,members,300," OF KEY

September 3rd - 300 Members! Key 369 Join rareuserna"
2026-09-08T14:07:36.461509+00:00,members,500,"
Group Creation - Aug 30
500 Members - Aug 31
1000 Members - "
2026-09-08T14:07:36.461509+00:00,members,1000," 30
500 Members - Aug 31
1000 Members - Sept 2

- - - - - - - "
2026-09-08T14:07:36.461509+00:00,members,300," OF KEY

September 3rd - 300 Members! Key 369 Join rareuserna"
2026-09-08T17:55:31.196707+00:00,members,500,"
Group Creation - Aug 30
500 Members - Aug 31
1000 Members - "
2026-09-08T17:55:31.196707+00:00,members,1000," 30
500 Members - Aug 31
1000 Members - Sept 2

- - - - - - - "
2026-09-08T17:55:31.196707+00:00,members,300," OF KEY

September 3rd - 300 Members! Key 371 Join rareuserna"
2026-09-08T20:41:05.345843+00:00,members,500,"
Group Creation - Aug 30
500 Members - Aug 31
1000 Members - "
2026-09-08T20:41:05.345843+00:00,members,1000," 30
500 Members - Aug 31
1000 Members - Sept 2

- - - - - - - "
2026-09-08T20:41:05.345843+00:00,members,300," OF KEY

September 3rd - 300 Members! Key 371 Join rareuserna"
2026-09-08T22:59:04.726583+00:00,members,500,"
Group Creation - Aug 30
500 Members - Aug 31
1000 Members - "
2026-09-08T22:59:04.726583+00:00,members,1000," 30
500 Members - Aug 31
1000 Members - Sept 2

- - - - - - - "
2026-09-08T22:59:04.726583+00:00,members,300," OF KEY

September 3rd - 300 Members! Key 371 Join rareuserna"
2026-09-09T01:08:26.666529+00:00,members,500,"
Group Creation - Aug 30
500 Members - Aug 31
1000 Members - "
2026-09-09T01:08:26.666529+00:00,members,1000," 30
500 Members - Aug 31
1000 Members - Sept 2

- - - - - - - "
2026-09-09T01:08:26.666529+00:00,members,300," OF KEY

September 3rd - 300 Members! Key 371 Join rareuserna"
2026-09-09T05:59:20.546934+00:00,members,500,"
Group Creation - Aug 30
500 Members - Aug 31
1000 Members - "
2026-09-09T05:59:20.546934+00:00,members,1000," 30
500 Members - Aug 31
1000 Members - Sept 2

- - - - - - - "
2026-09-09T05:59:20.546934+00:00,members,300," OF KEY

September 3rd - 300 Members! Key 374 Join rareuserna"
2026-09-09T11:07:55.465942+00:00,members,500,"
Group Creation - Aug 30
500 Members - Aug 31
1000 Members - "
2026-09-09T11:07:55.465942+00:00,members,1000," 30
500 Members - Aug 31
1000 Members - Sept 2

- - - - - - - "
2026-09-09T11:07:55.465942+00:00,members,300," OF KEY

September 3rd - 300 Members! Key 374 Join rareuserna"
2026-09-09T15:06:56.857966+00:00,members,500,"
Group Creation - Aug 30
500 Members - Aug 31
1000 Members - "
2026-09-09T15:06:56.857966+00:00,members,1000," 30
500 Members - Aug 31
1000 Members - Sept 2

- - - - - - - "
2026-09-09T15:06:56.857966+00:00,members,300," OF KEY

September 3rd - 300 Members! Key 375 Join rareuserna"
2026-09-09T18:35:51.896869+00:00,members,500,"
Group Creation - Aug 30
500 Members - Aug 31
1000 Members - "
2026-09-09T18:35:51.896869+00:00,members,1000," 30
500 Members - Aug 31
1000 Members - Sept 2

- - - - - - - "
2026-09-09T18:35:51.896869+00:00,members,300," OF KEY

September 3rd - 300 Members! Key 375 Join rareuserna"
2026-09-09T21:11:48.072967+00:00,members,500,"
Group Creation - Aug 30
500 Members - Aug 31
1000 Members - "
2026-09-09T21:11:48.072967+00:00,members,1000," 30
500 Members - Aug 31
1000 Members - Sept 2

- - - - - - - "
2026-09-09T21:11:48.072967+00:00,members,300," OF KEY

September 3rd - 300 Members! Key 377 Join rareuserna"
2026-09-09T23:15:38.729230+00:00,members,500,"
Group Creation - Aug 30
500 Members - Aug 31
1000 Members - "
2026-09-09T23:15:38.729230+00:00,members,1000," 30
500 Members - Aug 31
1000 Members - Sept 2

- - - - - - - "
2026-09-09T23:15:38.729230+00:00,members,300," OF KEY

September 3rd - 300 Members! Key 377 Join rareuserna"
2026-09-10T01:08:30.747389+00:00,members,500,"
Group Creation - Aug 30
500 Members - Aug 31
1000 Members - "
2026-09-10T01:08:30.747389+00:00,members,1000," 30
500 Members - Aug 31
1000 Members - Sept 2

- - - - - - - "
2026-09-10T01:08:30.747389+00:00,members,300," OF KEY

September 3rd - 300 Members! Key 377 Join rareuserna"
2026-09-10T05:58:28.238942+00:00,members,500,"
Group Creation - Aug 30
500 Members - Aug 31
1000 Members - "
2026-09-10T05:58:28.238942+00:00,members,1000," 30
500 Members - Aug 31
1000 Members - Sept 2

- - - - - - - "
2026-09-10T05:58:28.238942+00:00,members,300," OF KEY

September 3rd - 300 Members! Key 381 Join rareuserna"
2026-09-10T10:56:32.931277+00:00,members,500,"
Group Creation - Aug 30
500 Members - Aug 31
1000 Members - "
2026-09-10T10:56:32.931277+00:00,members,1000," 30
500 Members - Aug 31
1000 Members - Sept 2

- - - - - - - "
2026-09-10T10:56:32.931277+00:00,members,300," OF KEY

September 3rd - 300 Members! Key 381 Join rareuserna"
2026-09-10T14:50:43.134385+00:00,members,500,"
Group Creation - Aug 30
500 Members - Aug 31
1000 Members - "
2026-09-10T14:50:43.134385+00:00,members,1000," 30
500 Members - Aug 31
1000 Members - Sept 2

- - - - - - - "
2026-09-10T14:50:43.134385+00:00,members,300," OF KEY

September 3rd - 300 Members! Key 383 Join rareuserna"
2026-09-10T18:03:28.026446+00:00,members,500,"
Group Creation - Aug 30
500 Members - Aug 31
1000 Members - "
2026-09-10T18:03:28.026446+00:00,members,1000," 30
500 Members - Aug 31
1000 Members - Sept 2

- - - - - - - "
2026-09-10T18:03:28.026446+00:00,members,300," OF KEY

September 3rd - 300 Members! Key 385 Join rareuserna"
2026-09-10T20:53:02.760564+00:00,members,500,"
Group Creation - Aug 30
500 Members - Aug 31
1000 Members - "
2026-09-10T20:53:02.760564+00:00,members,1000," 30
500 Members - Aug 31
1000 Members - Sept 2

- - - - - - - "
2026-09-10T20:53:02.760564+00:00,members,300," OF KEY

September 3rd - 300 Members! Key 385 Join rareuserna"
2026-09-10T22:55:42.694533+00:00,members,500,"
Group Creation - Aug 30
500 Members - Aug 31
1000 Members - "
2026-09-10T22:55:42.694533+00:00,members,1000," 30
500 Members - Aug 31
1000 Members - Sept 2

- - - - - - - "
2026-09-10T22:55:42.694533+00:00,members,300," OF KEY

September 3rd - 300 Members! Key 385 Join rareuserna"
2026-09-11T00:49:21.396456+00:00,members,500,"
Group Creation - Aug 30
500 Members - Aug 31
1000 Members - "
2026-09-11T00:49:21.396456+00:00,members,1000," 30
500 Members - Aug 31
1000 Members - Sept 2

- - - - - - - "
2026-09-11T00:49:21.396456+00:00,members,300," OF KEY

September 3rd - 300 Members! Key 386 Join rareuserna"
2026-09-11T05:36:13.534886+00:00,members,500,"
Group Creation - Aug 30
500 Members - Aug 31
1000 Members - "
2026-09-11T05:36:13.534886+00:00,members,1000," 30
500 Members - Aug 31
1000 Members - Sept 2

- - - - - - - "
2026-09-11T05:36:13.534886+00:00,members,300," OF KEY

September 3rd - 300 Members! Key 385 Join ANTI-ROBLO"
2026-09-11T10:01:15.308027+00:00,members,500,"
Group Creation - Aug 30
500 Members - Aug 31
1000 Members - "
2026-09-11T10:01:15.308027+00:00,members,1000," 30
500 Members - Aug 31
1000 Members - Sept 2

- - - - - - - "
2026-09-11T10:01:15.308027+00:00,members,300," OF KEY

September 3rd - 300 Members! Key 385 Join ANTI-ROBLO"
2026-09-11T14:26:12.792511+00:00,members,500,"
Group Creation - Aug 30
500 Members - Aug 31
1000 Members - "
2026-09-11T14:26:12.792511+00:00,members,1000," 30
500 Members - Aug 31
1000 Members - Sept 2

- - - - - - - "
2026-09-11T14:26:12.792511+00:00,members,300," OF KEY

September 3rd - 300 Members! Key 388 Join ANTI-ROBLO"
2026-09-11T17:49:36.511798+00:00,members,500,"
Group Creation - Aug 30
500 Members - Aug 31
1000 Members - "
2026-09-11T17:49:36.511798+00:00,members,1000," 30
500 Members - Aug 31
1000 Members - Sept 2

- - - - - - - "
2026-09-11T17:49:36.511798+00:00,members,300," OF KEY

September 3rd - 300 Members! Key 389 Join ANTI-ROBLO"
2026-09-11T20:24:35.684820+00:00,members,500,"
Group Creation - Aug 30
500 Members - Aug 31
1000 Members - "
2026-09-11T20:24:35.684820+00:00,members,1000," 30
500 Members - Aug 31
1000 Members - Sept 2

- - - - - - - "
2026-09-11T20:24:35.684820+00:00,members,300," OF KEY

September 3rd - 300 Members! Key 389 Join ANTI-ROBLO"
2026-09-11T22:43:09.050241+00:00,members,500,"
Group Creation - Aug 30
500 Members - Aug 31
1000 Members - "
2026-09-11T22:43:09.050241+00:00,members,1000," 30
500 Members - Aug 31
1000 Members - Sept 2

- - - - - - - "
2026-09-11T22:43:09.050241+00:00,members,300," OF KEY

September 3rd - 300 Members! Key 389 Join ANTI-ROBLO"
2026-09-12T00:41:18.171734+00:00,members,500,"
Group Creation - Aug 30
500 Members - Aug 31
1000 Members - "
2026-09-12T00:41:18.171734+00:00,members,1000," 30
500 Members - Aug 31
1000 Members - Sept 2

- - - - - - - "
2026-09-12T00:41:18.171734+00:00,members,300," OF KEY

September 3rd - 300 Members! Key 390 Join ANTI-ROBLO"
2026-09-12T05:05:19.503229+00:00,members,500,"
Group Creation - Aug 30
500 Members - Aug 31
1000 Members - "
2026-09-12T05:05:19.503229+00:00,members,1000," 30
500 Members - Aug 31
1000 Members - Sept 2

- - - - - - - "
2026-09-12T05:05:19.503229+00:00,members,300," OF KEY

September 3rd - 300 Members! Key 394 Join ANTI-ROBLO"
2026-09-12T09:21:18.948329+00:00,members,500,"
Group Creation - Aug 30
500 Members - Aug 31
1000 Members - "
2026-09-12T09:21:18.948329+00:00,members,1000," 30
500 Members - Aug 31
1000 Members - Sept 2

- - - - - - - "
2026-09-12T09:21:18.948329+00:00,members,300," OF KEY

September 3rd - 300 Members! Key 397 Join ANTI-ROBLO"
2026-09-12T12:59:45.337323+00:00,members,500,"
Group Creation - Aug 30
500 Members - Aug 31
1000 Members - "
2026-09-12T12:59:45.337323+00:00,members,1000," 30
500 Members - Aug 31
1000 Members - Sept 2

- - - - - - - "
2026-09-12T12:59:45.337323+00:00,members,300," OF KEY

September 3rd - 300 Members! Key 397 Join ANTI-ROBLO"
2026-09-12T16:10:37.446022+00:00,members,500,"
Group Creation - Aug 30
500 Members - Aug 31
1000 Members - "
2026-09-12T16:10:37.446022+00:00,members,1000," 30
500 Members - Aug 31
1000 Members - Sept 2

- - - - - - - "
2026-09-12T16:10:37.446022+00:00,members,300," OF KEY

September 3rd - 300 Members! Key 398 Join ANTI-ROBLO"
2026-09-12T18:22:56.271987+00:00,members,500,"
Group Creation - Aug 30
500 Members - Aug 31
1000 Members - "
2026-09-12T18:22:56.271987+00:00,members,1000," 30
500 Members - Aug 31
1000 Members - Sept 2

- - - - - - - "
2026-09-12T18:22:56.271987+00:00,members,300," OF KEY

September 3rd - 300 Members! Key 398 Join ANTI-ROBLO"
2026-09-12T20:46:46.303667+00:00,members,500,"
Group Creation - Aug 30
500 Members - Aug 31
1000 Members - "
2026-09-12T20:46:46.303667+00:00,members,1000," 30
500 Members - Aug 31
1000 Members - Sept 2

- - - - - - - "
2026-09-12T20:46:46.303667+00:00,members,300," OF KEY

September 3rd - 300 Members! Key 398 Join ANTI-ROBLO"
2026-09-12T22:49:08.359402+00:00,members,500,"
Group Creation - Aug 30
500 Members - Aug 31
1000 Members - "
2026-09-12T22:49:08.359402+00:00,members,1000," 30
500 Members - Aug 31
1000 Members - Sept 2

- - - - - - - "
2026-09-12T22:49:08.359402+00:00,members,300," OF KEY

September 3rd - 300 Members! Key 399 Join ANTI-ROBLO"
2026-09-13T00:35:58.898460+00:00,members,500,"
Group Creation - Aug 30
500 Members - Aug 31
1000 Members - "
2026-09-13T00:35:58.898460+00:00,members,1000," 30
500 Members - Aug 31
1000 Members - Sept 2

- - - - - - - "
2026-09-13T00:35:58.898460+00:00,members,300," OF KEY

September 3rd - 300 Members! Key 400 Join ANTI-ROBLO"
2026-09-13T05:22:57.699212+00:00,members,500,"
Group Creation - Aug 30
500 Members - Aug 31
1000 Members - "
2026-09-13T05:22:57.699212+00:00,members,1000," 30
500 Members - Aug 31
1000 Members - Sept 2

- - - - - - - "
2026-09-13T05:22:57.699212+00:00,members,300," OF KEY

September 3rd - 300 Members! Key 400 Join ANTI-ROBLO"
2026-09-13T10:28:30.911381+00:00,members,500,"
Group Creation - Aug 30
500 Members - Aug 31
1000 Members - "
2026-09-13T10:28:30.911381+00:00,members,1000," 30
500 Members - Aug 31
1000 Members - Sept 2

- - - - - - - "
2026-09-13T10:28:30.911381+00:00,members,300," OF KEY

September 3rd - 300 Members! Key 400 Join ANTI-ROBLO"
2026-09-13T14:36:24.045886+00:00,members,500,"
Group Creation - Aug 30
500 Members - Aug 31
1000 Members - "
2026-09-13T14:36:24.045886+00:00,members,1000," 30
500 Members - Aug 31
1000 Members - Sept 2

- - - - - - - "
2026-09-13T14:36:24.045886+00:00,members,300," OF KEY

September 3rd - 300 Members! Key 400 Join ANTI-ROBLO"
2026-09-13T17:40:34.820821+00:00,members,500,"
Group Creation - Aug 30
500 Members - Aug 31
1000 Members - "
2026-09-13T17:40:34.820821+00:00,members,1000," 30
500 Members - Aug 31
1000 Members - Sept 2

- - - - - - - "
2026-09-13T17:40:34.820821+00:00,members,300," OF KEY

September 3rd - 300 Members! Key 401 Join ANTI-ROBLO"
2026-09-13T19:49:06.028698+00:00,members,500,"
Group Creation - Aug 30
500 Members - Aug 31
1000 Members - "
2026-09-13T19:49:06.028698+00:00,members,1000," 30
500 Members - Aug 31
1000 Members - Sept 2

- - - - - - - "
2026-09-13T19:49:06.028698+00:00,members,300," OF KEY

September 3rd - 300 Members! Key 403 Join ANTI-ROBLO"
2026-09-13T22:05:05.335081+00:00,members,500,"
Group Creation - Aug 30
500 Members - Aug 31
1000 Members - "
2026-09-13T22:05:05.335081+00:00,members,1000," 30
500 Members - Aug 31
1000 Members - Sept 2

- - - - - - - "
2026-09-13T22:05:05.335081+00:00,members,300," OF KEY

September 3rd - 300 Members! Key 403 Join ANTI-ROBLO"
2026-09-14T00:11:30.836772+00:00,members,500,"
Group Creation - Aug 30
500 Members - Aug 31
1000 Members - "
2026-09-14T00:11:30.836772+00:00,members,1000," 30
500 Members - Aug 31
1000 Members - Sept 2

- - - - - - - "
2026-09-14T00:11:30.836772+00:00,members,300," OF KEY

September 3rd - 300 Members! Key 403 Join ANTI-ROBLO"
2026-09-14T04:56:44.996607+00:00,members,500,"
Group Creation - Aug 30
500 Members - Aug 31
1000 Members - "
2026-09-14T04:56:44.996607+00:00,members,1000," 30
500 Members - Aug 31
1000 Members - Sept 2

- - - - - - - "
2026-09-14T04:56:44.996607+00:00,members,300," OF KEY

September 3rd - 300 Members! Key 403 Join ANTI-ROBLO"
2026-09-14T10:20:40.998276+00:00,members,500,"
Group Creation - Aug 30
500 Members - Aug 31
1000 Members - "
2026-09-14T10:20:40.998276+00:00,members,1000," 30
500 Members - Aug 31
1000 Members - Sept 2

- - - - - - - "
2026-09-14T10:20:40.998276+00:00,members,300," OF KEY

September 3rd - 300 Members! Key 406 Join ANTI-ROBLO"
2026-09-14T16:27:11.853085+00:00,members,500,"
Group Creation - Aug 30
500 Members - Aug 31
1000 Members - "
2026-09-14T16:27:11.853085+00:00,members,1000," 30
500 Members - Aug 31
1000 Members - Sept 2

- - - - - - - "
2026-09-14T16:27:11.853085+00:00,members,300," OF KEY

September 3rd - 300 Members! Key 408 Join ANTI-ROBLO"
2026-09-14T20:25:06.762136+00:00,members,500,"
Group Creation - Aug 30
500 Members - Aug 31
1000 Members - "
2026-09-14T20:25:06.762136+00:00,members,1000," 30
500 Members - Aug 31
1000 Members - Sept 2

- - - - - - - "
2026-09-14T20:25:06.762136+00:00,members,300," OF KEY

September 3rd - 300 Members! Key 408 Join ANTI-ROBLO"
2026-09-14T23:17:37.898552+00:00,members,500,"
Group Creation - Aug 30
500 Members - Aug 31
1000 Members - "
2026-09-14T23:17:37.898552+00:00,members,1000," 30
500 Members - Aug 31
1000 Members - Sept 2

- - - - - - - "
2026-09-14T23:17:37.898552+00:00,members,300," OF KEY

September 3rd - 300 Members! Key 408 Join ANTI-ROBLO"
2026-09-15T01:41:37.044501+00:00,members,500,"
Group Creation - Aug 30
500 Members - Aug 31
1000 Members - "
2026-09-15T01:41:37.044501+00:00,members,1000," 30
500 Members - Aug 31
1000 Members - Sept 2

- - - - - - - "
2026-09-15T01:41:37.044501+00:00,members,300," OF KEY

September 3rd - 300 Members! Key 408 Join ANTI-ROBLO"
2026-09-15T06:44:33.780133+00:00,members,500,"
Group Creation - Aug 30
500 Members - Aug 31
1000 Members - "
2026-09-15T06:44:33.780133+00:00,members,1000," 30
500 Members - Aug 31
1000 Members - Sept 2

- - - - - - - "
2026-09-15T06:44:33.780133+00:00,members,300," OF KEY

September 3rd - 300 Members! Key 409 Join ANTI-ROBLO"
2026-09-15T12:12:15.612721+00:00,members,500,"
Group Creation - Aug 30
500 Members - Aug 31
1000 Members - "
2026-09-15T12:12:15.612721+00:00,members,1000," 30
500 Members - Aug 31
1000 Members - Sept 2

- - - - - - - "
2026-09-15T12:12:15.612721+00:00,members,300," OF KEY

September 3rd - 300 Members! Key 411 Join ANTI-ROBLO"
2026-09-15T17:00:12.196414+00:00,members,500,"
Group Creation - Aug 30
500 Members - Aug 31
1000 Members - "
2026-09-15T17:00:12.196414+00:00,members,1000," 30
500 Members - Aug 31
1000 Members - Sept 2

- - - - - - - "
2026-09-15T17:00:12.196414+00:00,members,300," OF KEY

September 3rd - 300 Members! Key 411 Join ANTI-ROBLO"
2026-09-15T20:08:36.785240+00:00,members,500,"
Group Creation - Aug 30
500 Members - Aug 31
1000 Members - "
2026-09-15T20:08:36.785240+00:00,members,1000," 30
500 Members - Aug 31
1000 Members - Sept 2

- - - - - - - "
2026-09-15T20:08:36.785240+00:00,members,300," OF KEY

September 3rd - 300 Members! Key 412 Join ANTI-ROBLO"
2026-09-15T22:53:49.537908+00:00,members,500,"
Group Creation - Aug 30
500 Members - Aug 31
1000 Members - "
2026-09-15T22:53:49.537908+00:00,members,1000," 30
500 Members - Aug 31
1000 Members - Sept 2

- - - - - - - "
2026-09-15T22:53:49.537908+00:00,members,300," OF KEY

September 3rd - 300 Members! Key 415 Join ANTI-ROBLO"
2026-09-16T01:03:13.117138+00:00,members,500,"
Group Creation - Aug 30
500 Members - Aug 31
1000 Members - "
2026-09-16T01:03:13.117138+00:00,members,1000," 30
500 Members - Aug 31
1000 Members - Sept 2

- - - - - - - "
2026-09-16T01:03:13.117138+00:00,members,300," OF KEY

September 3rd - 300 Members! Key 416 Join ANTI-ROBLO"
2026-09-16T06:00:41.095273+00:00,members,500,"
Group Creation - Aug 30
500 Members - Aug 31
1000 Members - "
2026-09-16T06:00:41.095273+00:00,members,1000," 30
500 Members - Aug 31
1000 Members - Sept 2

- - - - - - - "
2026-09-16T06:00:41.095273+00:00,members,300," OF KEY

September 3rd - 300 Members! Key 418 Join ANTI-ROBLO"
2026-09-16T11:31:28.741476+00:00,members,500,"
Group Creation - Aug 30
500 Members - Aug 31
1000 Members - "
2026-09-16T11:31:28.741476+00:00,members,1000," 30
500 Members - Aug 31
1000 Members - Sept 2

- - - - - - - "
2026-09-16T11:31:28.741476+00:00,members,300," OF KEY

September 3rd - 300 Members! Key 419 Join ANTI-ROBLO"
2026-09-16T15:32:45.083185+00:00,members,500,"
Group Creation - Aug 30
500 Members - Aug 31
1000 Members - "
2026-09-16T15:32:45.083185+00:00,members,1000," 30
500 Members - Aug 31
1000 Members - Sept 2

- - - - - - - "
2026-09-16T15:32:45.083185+00:00,members,300," OF KEY

September 3rd - 300 Members! Key 421 Join ANTI-ROBLO"
2026-09-16T19:05:43.870208+00:00,members,500,"
Group Creation - Aug 30
500 Members - Aug 31
1000 Members - "
2026-09-16T19:05:43.870208+00:00,members,1000," 30
500 Members - Aug 31
1000 Members - Sept 2

- - - - - - - "
2026-09-16T19:05:43.870208+00:00,members,300," OF KEY

September 3rd - 300 Members! Key 423 Join ANTI-ROBLO"
2026-09-16T22:10:09.250341+00:00,members,500,"
Group Creation - Aug 30
500 Members - Aug 31
1000 Members - "
2026-09-16T22:10:09.250341+00:00,members,1000," 30
500 Members - Aug 31
1000 Members - Sept 2

- - - - - - - "
2026-09-16T22:10:09.250341+00:00,members,300," OF KEY

September 3rd - 300 Members! Key 424 Join ANTI-ROBLO"
2026-09-17T00:31:35.649565+00:00,members,500,"
Group Creation - Aug 30
500 Members - Aug 31
1000 Members - "
2026-09-17T00:31:35.649565+00:00,members,1000," 30
500 Members - Aug 31
1000 Members - Sept 2

- - - - - - - "
2026-09-17T00:31:35.649565+00:00,members,300," OF KEY

September 3rd - 300 Members! Key 425 Join ANTI-ROBLO"
2026-09-17T05:25:14.278254+00:00,members,500,"
Group Creation - Aug 30
500 Members - Aug 31
1000 Members - "
2026-09-17T05:25:14.278254+00:00,members,1000," 30
500 Members - Aug 31
1000 Members - Sept 2

- - - - - - - "
2026-09-17T05:25:14.278254+00:00,members,300," OF KEY

September 3rd - 300 Members! Key 426 Join ANTI-ROBLO"
2026-09-17T10:15:08.862087+00:00,members,500,"
Group Creation - Aug 30
500 Members - Aug 31
1000 Members - "
2026-09-17T10:15:08.862087+00:00,members,1000," 30
500 Members - Aug 31
1000 Members - Sept 2

- - - - - - - "
2026-09-17T10:15:08.862087+00:00,members,300," OF KEY

September 3rd - 300 Members! Key 426 Join ANTI-ROBLO"
2026-09-17T15:04:20.331264+00:00,members,500,"
Group Creation - Aug 30
500 Members - Aug 31
1000 Members - "
2026-09-17T15:04:20.331264+00:00,members,1000," 30
500 Members - Aug 31
1000 Members - Sept 2

- - - - - - - "
2026-09-17T15:04:20.331264+00:00,members,300," OF KEY

September 3rd - 300 Members! Key 426 Join ANTI-ROBLO"
2026-09-17T19:01:58.488079+00:00,members,500,"
Group Creation - Aug 30
500 Members - Aug 31
1000 Members - "
2026-09-17T19:01:58.488079+00:00,members,1000," 30
500 Members - Aug 31
1000 Members - Sept 2

- - - - - - - "
2026-09-17T19:01:58.488079+00:00,members,300," OF KEY

September 3rd - 300 Members! Key 426 Join ANTI-ROBLO"
2026-09-17T22:09:03.155501+00:00,members,500,"
Group Creation - Aug 30
500 Members - Aug 31
1000 Members - "
2026-09-17T22:09:03.155501+00:00,members,1000," 30
500 Members - Aug 31
1000 Members - Sept 2

- - - - - - - "
2026-09-17T22:09:03.155501+00:00,members,300," OF KEY

September 3rd - 300 Members! Key 427 Join ANTI-ROBLO"
2026-09-18T00:17:32.991408+00:00,members,500,"
Group Creation - Aug 30
500 Members - Aug 31
1000 Members - "
2026-09-18T00:17:32.991408+00:00,members,1000," 30
500 Members - Aug 31
1000 Members - Sept 2

- - - - - - - "
2026-09-18T00:17:32.991408+00:00,members,300," OF KEY

September 3rd - 300 Members! Key 428 Join ANTI-ROBLO"
2026-09-18T04:59:20.600351+00:00,members,500,"
Group Creation - Aug 30
500 Members - Aug 31
1000 Members - "
2026-09-18T04:59:20.600351+00:00,members,1000," 30
500 Members - Aug 31
1000 Members - Sept 2

- - - - - - - "
2026-09-18T04:59:20.600351+00:00,members,300," OF KEY

September 3rd - 300 Members! Key 428 Join ANTI-ROBLO"
2026-09-18T09:32:52.585133+00:00,members,500,"
Group Creation - Aug 30
500 Members - Aug 31
1000 Members - "
2026-09-18T09:32:52.585133+00:00,members,1000," 30
500 Members - Aug 31
1000 Members - Sept 2

- - - - - - - "
2026-09-18T09:32:52.585133+00:00,members,300," OF KEY

September 3rd - 300 Members! Key 431 Join ANTI-ROBLO"
2026-09-18T13:51:19.535315+00:00,members,500,"
Group Creation - Aug 30
500 Members - Aug 31
1000 Members - "
2026-09-18T13:51:19.535315+00:00,members,1000," 30
500 Members - Aug 31
1000 Members - Sept 2

- - - - - - - "
2026-09-18T13:51:19.535315+00:00,members,300," OF KEY

September 3rd - 300 Members! Key 431 Join ANTI-ROBLO"
2026-09-18T17:28:29.495345+00:00,members,500,"
Group Creation - Aug 30
500 Members - Aug 31
1000 Members - "
2026-09-18T17:28:29.495345+00:00,members,1000," 30
500 Members - Aug 31
1000 Members - Sept 2

- - - - - - - "
2026-09-18T17:28:29.495345+00:00,members,300," OF KEY

September 3rd - 300 Members! Key 431 Join ANTI-ROBLO"
2026-09-18T19:53:21.068065+00:00,members,500,"
Group Creation - Aug 30
500 Members - Aug 31
1000 Members - "
2026-09-18T19:53:21.068065+00:00,members,1000," 30
500 Members - Aug 31
1000 Members - Sept 2

- - - - - - - "
2026-09-18T19:53:21.068065+00:00,members,300," OF KEY

September 3rd - 300 Members! Key 433 Join ANTI-ROBLO"
2026-09-18T22:15:29.150464+00:00,members,500,"
Group Creation - Aug 30
500 Members - Aug 31
1000 Members - "
2026-09-18T22:15:29.150464+00:00,members,1000," 30
500 Members - Aug 31
1000 Members - Sept 2

- - - - - - - "
2026-09-18T22:15:29.150464+00:00,members,300," OF KEY

September 3rd - 300 Members! Key 434 Join ANTI-ROBLO"
2026-09-19T00:24:28.241292+00:00,members,500,"
Group Creation - Aug 30
500 Members - Aug 31
1000 Members - "
2026-09-19T00:24:28.241292+00:00,members,1000," 30
500 Members - Aug 31
1000 Members - Sept 2

- - - - - - - "
2026-09-19T00:24:28.241292+00:00,members,300," OF KEY

September 3rd - 300 Members! Key 434 Join ANTI-ROBLO"
2026-09-19T04:51:47.648407+00:00,members,500,"
Group Creation - Aug 30
500 Members - Aug 31
1000 Members - "
2026-09-19T04:51:47.648407+00:00,members,1000," 30
500 Members - Aug 31
1000 Members - Sept 2

- - - - - - - "
2026-09-19T04:51:47.648407+00:00,members,300," OF KEY

September 3rd - 300 Members! Key 434 Join ANTI-ROBLO"
2026-09-19T09:10:12.221181+00:00,members,500,"
Group Creation - Aug 30
500 Members - Aug 31
1000 Members - "
2026-09-19T09:10:12.221181+00:00,members,1000," 30
500 Members - Aug 31
1000 Members - Sept 2

- - - - - - - "
2026-09-19T09:10:12.221181+00:00,members,300," OF KEY

September 3rd - 300 Members! Key 435 Join ANTI-ROBLO"
2026-09-19T13:09:34.901902+00:00,members,500,"
Group Creation - Aug 30
500 Members - Aug 31
1000 Members - "
2026-09-19T13:09:34.901902+00:00,members,1000," 30
500 Members - Aug 31
1000 Members - Sept 2

- - - - - - - "
2026-09-19T13:09:34.901902+00:00,members,300," OF KEY

September 3rd - 300 Members! Key 437 Join ANTI-ROBLO"
2026-09-19T16:29:47.398669+00:00,members,500,"
Group Creation - Aug 30
500 Members - Aug 31
1000 Members - "
2026-09-19T16:29:47.398669+00:00,members,1000," 30
500 Members - Aug 31
1000 Members - Sept 2

- - - - - - - "
2026-09-19T16:29:47.398669+00:00,members,300," OF KEY

September 3rd - 300 Members! Key 439 Join ANTI-ROBLO"
2026-09-19T18:47:35.183835+00:00,members,500,"
Group Creation - Aug 30
500 Members - Aug 31
1000 Members - "
2026-09-19T18:47:35.183835+00:00,members,1000," 30
500 Members - Aug 31
1000 Members - Sept 2

- - - - - - - "
2026-09-19T18:47:35.183835+00:00,members,300," OF KEY

September 3rd - 300 Members! Key 439 Join ANTI-ROBLO"
2026-09-19T21:16:26.161567+00:00,members,500,"
Group Creation - Aug 30
500 Members - Aug 31
1000 Members - "
2026-09-19T21:16:26.161567+00:00,members,1000," 30
500 Members - Aug 31
1000 Members - Sept 2

- - - - - - - "
2026-09-19T21:16:26.161567+00:00,members,300," OF KEY

September 3rd - 300 Members! Key 445 Join ANTI-ROBLO"
2026-09-19T23:18:56.482528+00:00,members,500,"
Group Creation - Aug 30
500 Members - Aug 31
1000 Members - "
2026-09-19T23:18:56.482528+00:00,members,1000," 30
500 Members - Aug 31
1000 Members - Sept 2

thanks y'all f"
2026-09-19T23:18:56.482528+00:00,members,2000,"Sept 2

thanks y'all for 2000 members!!!

- - - - - - - - - - "
2026-09-19T23:18:56.482528+00:00,members,300," OF KEY

September 3rd - 300 Members! Key 446 Join ANTI-ROBLO"
2026-09-20T01:22:32.608134+00:00,members,500,"
Group Creation - Aug 30
500 Members - Aug 31
1000 Members - "
2026-09-20T01:22:32.608134+00:00,members,1000," 30
500 Members - Aug 31
1000 Members - Sept 2

thanks y'all f"
2026-09-20T01:22:32.608134+00:00,members,2000,"Sept 2

thanks y'all for 2000 members!!!

- - - - - - - - - - "
2026-09-20T01:22:32.608134+00:00,members,300," OF KEY

September 3rd - 300 Members! Key 447 Join ANTI-ROBLO"
2026-09-20T06:38:55.928616+00:00,members,500,"
Group Creation - Aug 30
500 Members - Aug 31
1000 Members - "
2026-09-20T06:38:55.928616+00:00,members,1000," 30
500 Members - Aug 31
1000 Members - Sept 2

thanks y'all f"
2026-09-20T06:38:55.928616+00:00,members,2000,"Sept 2

thanks y'all for 2000 members!!!

- - - - - - - - - - "
2026-09-20T06:38:55.928616+00:00,members,300," OF KEY

September 3rd - 300 Members! Key 448 Join ANTI-ROBLO"
2026-09-20T11:49:34.739957+00:00,members,500,"
Group Creation - Aug 30
500 Members - Aug 31
1000 Members - "
2026-09-20T11:49:34.739957+00:00,members,1000," 30
500 Members - Aug 31
1000 Members - Sept 2

thanks y'all f"
2026-09-20T11:49:34.739957+00:00,members,2000,"Sept 2

thanks y'all for 2000 members!!!

- - - - - - - - - - "
2026-09-20T11:49:34.739957+00:00,members,300," OF KEY

September 3rd - 300 Members! Key 448 Join ANTI-ROBLO"
2026-09-20T15:22:53.298248+00:00,members,500,"
Group Creation - Aug 30
500 Members - Aug 31
1000 Members - "
2026-09-20T15:22:53.298248+00:00,members,1000," 30
500 Members - Aug 31
1000 Members - Sept 2

thanks y'all f"
2026-09-20T15:22:53.298248+00:00,members,2000,"Sept 2

thanks y'all for 2000 members!!!

- - - - - - - - - - "
2026-09-20T15:22:53.298248+00:00,members,300," OF KEY

September 3rd - 300 Members! Key 448 Join ANTI-ROBLO"
2026-09-20T18:15:34.409841+00:00,members,500,"
Group Creation - Aug 30
500 Members - Aug 31
1000 Members - "
2026-09-20T18:15:34.409841+00:00,members,1000," 30
500 Members - Aug 31
1000 Members - Sept 2

thanks y'all f"
2026-09-20T18:15:34.409841+00:00,members,2000,"Sept 2

thanks y'all for 2000 members!!!

- - - - - - - - - - "
2026-09-20T18:15:34.409841+00:00,members,300," OF KEY

September 3rd - 300 Members! Key 448 Join ANTI-ROBLO"
2026-09-20T20:53:23.856993+00:00,members,500,"
Group Creation - Aug 30
500 Members - Aug 31
1000 Members - "
2026-09-20T20:53:23.856993+00:00,members,1000," 30
500 Members - Aug 31
1000 Members - Sept 2

thanks y'all f"
2026-09-20T20:53:23.856993+00:00,members,2000,"Sept 2

thanks y'all for 2000 members!!!

- - - - - - - - - - "
2026-09-20T20:53:23.856993+00:00,members,300," OF KEY

September 3rd - 300 Members! Key 448 Join ANTI-ROBLO"
2026-09-20T22:57:01.341854+00:00,members,500,"
Group Creation - Aug 30
500 Members - Aug 31
1000 Members - "
2026-09-20T22:57:01.341854+00:00,members,1000," 30
500 Members - Aug 31
1000 Members - Sept 2

thanks y'all f"
2026-09-20T22:57:01.341854+00:00,members,2000,"Sept 2

thanks y'all for 2000 members!!!

- - - - - - - - - - "
2026-09-20T22:57:01.341854+00:00,members,300," OF KEY

September 3rd - 300 Members! Key 448 Join ANTI-ROBLO"
2026-09-21T00:53:09.321329+00:00,members,500,"
Group Creation - Aug 30
500 Members - Aug 31
1000 Members - "
2026-09-21T00:53:09.321329+00:00,members,1000," 30
500 Members - Aug 31
1000 Members - Sept 2

thanks y'all f"
2026-09-21T00:53:09.321329+00:00,members,2000,"Sept 2

thanks y'all for 2000 members!!!

- - - - - - - - - - "
2026-09-21T00:53:09.321329+00:00,members,300," OF KEY

September 3rd - 300 Members! Key 449 Join ANTI-ROBLO"
2026-09-21T05:52:16.758534+00:00,members,500,"
Group Creation - Aug 30
500 Members - Aug 31
1000 Members - "
2026-09-21T05:52:16.758534+00:00,members,1000," 30
500 Members - Aug 31
1000 Members - Sept 2

thanks y'all f"
2026-09-21T05:52:16.758534+00:00,members,2000,"Sept 2

thanks y'all for 2000 members!!!

- - - - - - - - - - "
2026-09-21T05:52:16.758534+00:00,members,300," OF KEY

September 3rd - 300 Members! Key 450 Join ANTI-ROBLO"
2026-09-21T11:55:13.620620+00:00,members,500,"
Group Creation - Aug 30
500 Members - Aug 31
1000 Members - "
2026-09-21T11:55:13.620620+00:00,members,1000," 30
500 Members - Aug 31
1000 Members - Sept 2

thanks y'all f"
2026-09-21T11:55:13.620620+00:00,members,2000,"Sept 2

thanks y'all for 2000 members!!!

- - - - - - - - - - "
2026-09-21T11:55:13.620620+00:00,members,300," OF KEY

September 3rd - 300 Members! Key 450 Join ANTI-ROBLO"
2026-09-21T17:50:23.711614+00:00,visit,522,ion timed out Error code 522 Visit cloudflare.com for more 
2026-09-21T21:40:45.382174+00:00,members,500,"
Group Creation - Aug 30
500 Members - Aug 31
1000 Members - "
2026-09-21T21:40:45.382174+00:00,members,1000," 30
500 Members - Aug 31
1000 Members - Sept 2

thanks y'all f"
2026-09-21T21:40:45.382174+00:00,members,2000,"Sept 2

thanks y'all for 2000 members!!!

- - - - - - - - - - "
2026-09-21T21:40:45.382174+00:00,members,300," OF KEY

September 3rd - 300 Members! Key 451 Join ANTI-ROBLO"
2026-09-22T00:17:41.158176+00:00,members,500,"
Group Creation - Aug 30
500 Members - Aug 31
1000 Members - "
2026-09-22T00:17:41.158176+00:00,members,1000," 30
500 Members - Aug 31
1000 Members - Sept 2

thanks y'all f"
2026-09-22T00:17:41.158176+00:00,members,2000,"Sept 2

thanks y'all for 2000 members!!!

- - - - - - - - - - "
2026-09-22T00:17:41.158176+00:00,members,300," OF KEY

September 3rd - 300 Members! Key 451 Join ANTI-ROBLO"
2026-09-22T05:14:45.081420+00:00,members,500,"
Group Creation - Aug 30
500 Members - Aug 31
1000 Members - "
2026-09-22T05:14:45.081420+00:00,members,1000," 30
500 Members - Aug 31
1000 Members - Sept 2

thanks y'all f"
2026-09-22T05:14:45.081420+00:00,members,2000,"Sept 2

thanks y'all for 2000 members!!!

- - - - - - - - - - "
2026-09-22T05:14:45.081420+00:00,members,300," OF KEY

September 3rd - 300 Members! Key 450 Join ANTI-ROBLO"
2026-09-22T10:02:02.963062+00:00,members,500,"
Group Creation - Aug 30
500 Members - Aug 31
1000 Members - "
2026-09-22T10:02:02.963062+00:00,members,1000," 30
500 Members - Aug 31
1000 Members - Sept 2

thanks y'all f"
2026-09-22T10:02:02.963062+00:00,members,2000,"Sept 2

thanks y'all for 2000 members!!!

- - - - - - - - - - "
2026-09-22T10:02:02.963062+00:00,members,300," OF KEY

September 3rd - 300 Members! Key 450 Join ANTI-ROBLO"
2026-09-22T14:52:44.091968+00:00,members,500,"
Group Creation - Aug 30
500 Members - Aug 31
1000 Members - "
2026-09-22T14:52:44.091968+00:00,members,1000," 30
500 Members - Aug 31
1000 Members - Sept 2

thanks y'all f"
2026-09-22T14:52:44.091968+00:00,members,2000,"Sept 2

thanks y'all for 2000 members!!!

- - - - - - - - - - "
2026-09-22T14:52:44.091968+00:00,members,300," OF KEY

September 3rd - 300 Members! Key 450 Join ANTI-ROBLO"
2026-09-22T18:29:15.613454+00:00,members,500,"
Group Creation - Aug 30
500 Members - Aug 31
1000 Members - "
2026-09-22T18:29:15.613454+00:00,members,1000," 30
500 Members - Aug 31
1000 Members - Sept 2

thanks y'all f"
2026-09-22T18:29:15.613454+00:00,members,2000,"Sept 2

thanks y'all for 2000 members!!!

- - - - - - - - - - "
2026-09-22T18:29:15.613454+00:00,members,300," OF KEY

September 3rd - 300 Members! Key 451 Join ANTI-ROBLO"
2026-09-22T21:36:29.795535+00:00,members,500,"
Group Creation - Aug 30
500 Members - Aug 31
1000 Members - "
2026-09-22T21:36:29.795535+00:00,members,1000," 30
500 Members - Aug 31
1000 Members - Sept 2

thanks y'all f"
2026-09-22T21:36:29.795535+00:00,members,2000,"Sept 2

thanks y'all for 2000 members!!!

- - - - - - - - - - "
2026-09-22T21:36:29.795535+00:00,members,300," OF KEY

September 3rd - 300 Members! Key 451 Join ANTI-ROBLO"
2026-09-22T23:49:44.525695+00:00,members,500,"
Group Creation - Aug 30
500 Members - Aug 31
1000 Members - "
2026-09-22T23:49:44.525695+00:00,members,1000," 30
500 Members - Aug 31
1000 Members - Sept 2

thanks y'all f"
2026-09-22T23:49:44.525695+00:00,members,2000,"Sept 2

thanks y'all for 2000 members!!!

- - - - - - - - - - "
2026-09-22T23:49:44.525695+00:00,members,300," OF KEY

September 3rd - 300 Members! Key 451 Join ANTI-ROBLO"
2026-09-23T03:10:04.565661+00:00,members,500,"
Group Creation - Aug 30
500 Members - Aug 31
1000 Members - "
2026-09-23T03:10:04.565661+00:00,members,1000," 30
500 Members - Aug 31
1000 Members - Sept 2

thanks y'all f"
2026-09-23T03:10:04.565661+00:00,members,2000,"Sept 2

thanks y'all for 2000 members!!!

- - - - - - - - - - "
2026-09-23T03:10:04.565661+00:00,members,300," OF KEY

September 3rd - 300 Members! Key 451 Join ANTI-ROBLO"
2026-09-23T08:33:50.788969+00:00,members,500,"
Group Creation - Aug 30
500 Members - Aug 31
1000 Members - "
2026-09-23T08:33:50.788969+00:00,members,1000," 30
500 Members - Aug 31
1000 Members - Sept 2

thanks y'all f"
2026-09-23T08:33:50.788969+00:00,members,2000,"Sept 2

thanks y'all for 2000 members!!!

- - - - - - - - - - "
2026-09-23T08:33:50.788969+00:00,members,300," OF KEY

September 3rd - 300 Members! Key 452 Join ANTI-ROBLO"
2026-09-23T13:52:01.739889+00:00,members,500,"
Group Creation - Aug 30
500 Members - Aug 31
1000 Members - "
2026-09-23T13:52:01.739889+00:00,members,1000," 30
500 Members - Aug 31
1000 Members - Sept 2

thanks y'all f"
2026-09-23T13:52:01.739889+00:00,members,2000,"Sept 2

thanks y'all for 2000 members!!!

- - - - - - - - - - "
2026-09-23T13:52:01.739889+00:00,members,300," OF KEY

September 3rd - 300 Members! Key 453 Join ANTI-ROBLO"
2026-09-23T18:13:59.153276+00:00,members,500,"
Group Creation - Aug 30
500 Members - Aug 31
1000 Members - "
2026-09-23T18:13:59.153276+00:00,members,1000," 30
500 Members - Aug 31
1000 Members - Sept 2

thanks y'all f"
2026-09-23T18:13:59.153276+00:00,members,2000,"Sept 2

thanks y'all for 2000 members!!!

- - - - - - - - - - "
2026-09-23T18:13:59.153276+00:00,members,300," OF KEY

September 3rd - 300 Members! Key 453 Join ANTI-ROBLO"
2026-09-23T21:32:32.876194+00:00,members,500,"
Group Creation - Aug 30
500 Members - Aug 31
1000 Members - "
2026-09-23T21:32:32.876194+00:00,members,1000," 30
500 Members - Aug 31
1000 Members - Sept 2

thanks y'all f"
2026-09-23T21:32:32.876194+00:00,members,2000,"Sept 2

thanks y'all for 2000 members!!!

- - - - - - - - - - "
2026-09-23T21:32:32.876194+00:00,members,300," OF KEY

September 3rd - 300 Members! Key 453 Join ANTI-ROBLO"
2026-09-23T23:58:20.297623+00:00,members,500,"
Group Creation - Aug 30
500 Members - Aug 31
1000 Members - "
2026-09-23T23:58:20.297623+00:00,members,1000," 30
500 Members - Aug 31
1000 Members - Sept 2

thanks y'all f"
2026-09-23T23:58:20.297623+00:00,members,2000,"Sept 2

thanks y'all for 2000 members!!!

- - - - - - - - - - "
2026-09-23T23:58:20.297623+00:00,members,300," OF KEY

September 3rd - 300 Members! Key 453 Join ANTI-ROBLO"
2026-09-24T03:57:01.276655+00:00,members,500,"
Group Creation - Aug 30
500 Members - Aug 31
1000 Members - "
2026-09-24T03:57:01.276655+00:00,members,1000," 30
500 Members - Aug 31
1000 Members - Sept 2

thanks y'all f"
2026-09-24T03:57:01.276655+00:00,members,2000,"Sept 2

thanks y'all for 2000 members!!!

- - - - - - - - - - "
2026-09-24T03:57:01.276655+00:00,members,300," OF KEY

September 3rd - 300 Members! Key 454 Join ANTI-ROBLO"
2026-09-24T09:02:58.424902+00:00,members,500,"
Group Creation - Aug 30
500 Members - Aug 31
1000 Members - "
2026-09-24T09:02:58.424902+00:00,members,1000," 30
500 Members - Aug 31
1000 Members - Sept 2

thanks y'all f"
2026-09-24T09:02:58.424902+00:00,members,2000,"Sept 2

thanks y'all for 2000 members!!!

- - - - - - - - - - "
2026-09-24T09:02:58.424902+00:00,members,300," OF KEY

September 3rd - 300 Members! Key 454 Join ANTI-ROBLO"
2026-09-24T14:12:46.552412+00:00,members,500,"
Group Creation - Aug 30
500 Members - Aug 31
1000 Members - "
2026-09-24T14:12:46.552412+00:00,members,1000," 30
500 Members - Aug 31
1000 Members - Sept 2

thanks y'all f"
2026-09-24T14:12:46.552412+00:00,members,2000,"Sept 2

thanks y'all for 2000 members!!!

- - - - - - - - - - "
2026-09-24T14:12:46.552412+00:00,members,300," OF KEY

September 3rd - 300 Members! Key 454 Join ANTI-ROBLO"
2026-09-24T18:26:21.835233+00:00,members,500,"
Group Creation - Aug 30
500 Members - Aug 31
1000 Members - "
2026-09-24T18:26:21.835233+00:00,members,1000," 30
500 Members - Aug 31
1000 Members - Sept 2

thanks y'all f"
2026-09-24T18:26:21.835233+00:00,members,2000,"Sept 2

thanks y'all for 2000 members!!!

- - - - - - - - - - "
2026-09-24T18:26:21.835233+00:00,members,300," OF KEY

September 3rd - 300 Members! Key 454 Join ANTI-ROBLO"
2026-09-24T21:41:51.892355+00:00,members,500,"
Group Creation - Aug 30
500 Members - Aug 31
1000 Members - "
2026-09-24T21:41:51.892355+00:00,members,1000," 30
500 Members - Aug 31
1000 Members - Sept 2

thanks y'all f"
2026-09-24T21:41:51.892355+00:00,members,2000,"Sept 2

thanks y'all for 2000 members!!!

- - - - - - - - - - "
2026-09-24T21:41:51.892355+00:00,members,300," OF KEY

September 3rd - 300 Members! Key 457 Join ANTI-ROBLO"
2026-09-25T00:01:33.858295+00:00,members,500,"
Group Creation - Aug 30
500 Members - Aug 31
1000 Members - "
2026-09-25T00:01:33.858295+00:00,members,1000," 30
500 Members - Aug 31
1000 Members - Sept 2

thanks y'all f"
2026-09-25T00:01:33.858295+00:00,members,2000,"Sept 2

thanks y'all for 2000 members!!!

- - - - - - - - - - "
2026-09-25T00:01:33.858295+00:00,members,300," OF KEY

September 3rd - 300 Members! Key 458 Join ANTI-ROBLO"
2026-09-25T04:56:16.071068+00:00,members,3271,"xplore groups 743 Vortex 3,271 members This is the official gro"
2026-09-25T04:56:16.071068+00:00,members,2200,"veloper Join Vortex OGs! 2,200 members a group for vortex OGs t"
2026-09-25T04:56:16.071068+00:00,members,500,"
Group Creation - Aug 30
500 Members - Aug 31
1000 Members - "
2026-09-25T04:56:16.071068+00:00,members,1000," 30
500 Members - Aug 31
1000 Members - Sept 2

thanks y'all f"
2026-09-25T04:56:16.071068+00:00,members,2000,"Sept 2

thanks y'all for 2000 members!!!

- - - - - - - - - - "
2026-09-25T04:56:16.071068+00:00,members,933, By tex Join Vortex Devs 933 members if u like coding join th
2026-09-25T04:56:16.071068+00:00,members,641,rrito Join rareusernames 641 members join if u got a rare use
2026-09-25T04:56:16.071068+00:00,members,458,dds them By sin Join KEY 458 members Use Starcode: KEY When P
2026-09-25T04:56:16.071068+00:00,members,300," OF KEY

September 3rd - 300 Members! By Key Join ANTI-ROBLOX"
2026-09-25T04:56:16.071068+00:00,members,411, By Key Join ANTI-ROBLOX 411 members vortexians are better (i
2026-09-25T04:56:16.071068+00:00,members,330,wI Join Rarest Usernames 330 members The OFFICIAL Rare Userna
2026-09-25T04:56:16.071068+00:00,members,319,lade Join Obby Community 319 members A group for if you have 
2026-09-25T04:56:16.071068+00:00,members,272,"! By Koen Join BUSH CLUB 272 members BUSH CLUB FOREVER!!!
The"
2026-09-25T04:56:16.071068+00:00,members,208,in Wire - Volt Giveaways 208 members The Official Vortex grou
2026-09-25T04:56:16.071068+00:00,members,206,rian Join The 2Toneverse 206 members This Is The Official Fan
2026-09-25T04:56:16.071068+00:00,members,169,Tone Join VortexCon 2026 169 members VortexCon is a community
2026-09-25T04:56:16.071068+00:00,members,164,Brainy Join Team Carmine 164 members Join Today! By Carmine J
2026-09-25T04:56:16.071068+00:00,members,144,e Join First 100k Users! 144 members Only first 100k vortex u
2026-09-25T04:56:16.071068+00:00,members,132,amo Join Vortex Builders 132 members A Group for Builders By 
2026-09-25T04:56:16.071068+00:00,members,127,ficial Vortex News Group 127 members This is the official gro
2026-09-25T04:56:16.071068+00:00,members,115,Brainy Join Vortex Mafia 115 members This is the Vortex Mafia
2026-09-25T04:56:16.071068+00:00,members,112,SharpRust Join Car Club! 112 members Join our community! We r
2026-09-25T04:56:16.071068+00:00,members,100,n Join erik2's wasteland 100 members we are the wastelanders!
2026-09-25T04:56:16.071068+00:00,members,97,res By erik2 Join kostas 97 members kostas By kostas Join Na
2026-09-25T04:56:16.071068+00:00,members,96,y kostas Join NameSnipes 96 members The Official NameSnipes 
2026-09-25T04:56:16.071068+00:00,members,91,repidation Productions!) 91 members the official trepidation
2026-09-25T04:56:16.071068+00:00,members,88,Iamcooldudeweee Join 777 88 members We love Gambling $$ \($_
2026-09-25T04:56:16.071068+00:00,members,86,"in The Omniscient Empire 86 members The Eye Will Provide...
"
2026-09-25T04:56:16.071068+00:00,members,84,eOverseer Join Cool Gang 84 members Join this group if you a
2026-09-25T04:56:16.071068+00:00,members,75,"he Glitched Purple (TGP) 75 members TGP's official group!

t"
2026-09-25T04:56:16.071068+00:00,members,68,X2f By MiaTM Join Gaming 68 members I am Gaming/Itsgaming_AU
2026-09-25T04:56:16.071068+00:00,members,65,ming Join Vortex Traders 65 members For all the traders and 
2026-09-25T04:56:16.071068+00:00,members,64," Join Larpmasters League 64 members This is MY group, where "
2026-09-25T04:56:16.071068+00:00,members,59,master Join Luxs Network 59 members this is luxs network :0 
2026-09-25T10:00:17.805652+00:00,members,3280,"xplore groups 745 Vortex 3,280 members This is the official gro"
2026-09-25T10:00:17.805652+00:00,members,2203,"veloper Join Vortex OGs! 2,203 members a group for vortex OGs t"
2026-09-25T10:00:17.805652+00:00,members,500,"
Group Creation - Aug 30
500 Members - Aug 31
1000 Members - "
2026-09-25T10:00:17.805652+00:00,members,1000," 30
500 Members - Aug 31
1000 Members - Sept 2

thanks y'all f"
2026-09-25T10:00:17.805652+00:00,members,2000,"Sept 2

thanks y'all for 2000 members!!!

- - - - - - - - - - "
2026-09-25T10:00:17.805652+00:00,members,939, By tex Join Vortex Devs 939 members if u like coding join th
2026-09-25T10:00:17.805652+00:00,members,643,rrito Join rareusernames 643 members join if u got a rare use
2026-09-25T10:00:17.805652+00:00,members,460,dds them By sin Join KEY 460 members Use Starcode: KEY When P
2026-09-25T10:00:17.805652+00:00,members,300," OF KEY

September 3rd - 300 Members! By Key Join ANTI-ROBLOX"
2026-09-25T10:00:17.805652+00:00,members,413, By Key Join ANTI-ROBLOX 413 members vortexians are better (i
2026-09-25T10:00:17.805652+00:00,members,331,wI Join Rarest Usernames 331 members The OFFICIAL Rare Userna
2026-09-25T10:00:17.805652+00:00,members,319,lade Join Obby Community 319 members A group for if you have 
2026-09-25T10:00:17.805652+00:00,members,272,"! By Koen Join BUSH CLUB 272 members BUSH CLUB FOREVER!!!
The"
2026-09-25T10:00:17.805652+00:00,members,210,in Wire - Volt Giveaways 210 members The Official Vortex grou
2026-09-25T10:00:17.805652+00:00,members,206,rian Join The 2Toneverse 206 members This Is The Official Fan
2026-09-25T10:00:17.805652+00:00,members,170,Tone Join VortexCon 2026 170 members VortexCon is a community
2026-09-25T10:00:17.805652+00:00,members,164,Brainy Join Team Carmine 164 members Join Today! By Carmine J
2026-09-25T10:00:17.805652+00:00,members,146,e Join First 100k Users! 146 members Only first 100k vortex u
2026-09-25T10:00:17.805652+00:00,members,132,amo Join Vortex Builders 132 members A Group for Builders By 
2026-09-25T10:00:17.805652+00:00,members,128,ficial Vortex News Group 128 members This is the official gro
2026-09-25T10:00:17.805652+00:00,members,115,Brainy Join Vortex Mafia 115 members This is the Vortex Mafia
2026-09-25T10:00:17.805652+00:00,members,112,SharpRust Join Car Club! 112 members Join our community! We r
2026-09-25T10:00:17.805652+00:00,members,100,n Join erik2's wasteland 100 members we are the wastelanders!
2026-09-25T10:00:17.805652+00:00,members,97,res By erik2 Join kostas 97 members kostas By kostas Join Na
2026-09-25T10:00:17.805652+00:00,members,95,y kostas Join NameSnipes 95 members The Official NameSnipes 
2026-09-25T10:00:17.805652+00:00,members,91,repidation Productions!) 91 members the official trepidation
2026-09-25T10:00:17.805652+00:00,members,88,Iamcooldudeweee Join 777 88 members We love Gambling $$ \($_
2026-09-25T10:00:17.805652+00:00,members,86,"in The Omniscient Empire 86 members The Eye Will Provide...
"
2026-09-25T10:00:17.805652+00:00,members,85,eOverseer Join Cool Gang 85 members Join this group if you a
2026-09-25T10:00:17.805652+00:00,members,75,"he Glitched Purple (TGP) 75 members TGP's official group!

t"
2026-09-25T10:00:17.805652+00:00,members,68,X2f By MiaTM Join Gaming 68 members I am Gaming/Itsgaming_AU
2026-09-25T10:00:17.805652+00:00,members,65,ming Join Vortex Traders 65 members For all the traders and 
2026-09-25T10:00:17.805652+00:00,members,64," Join Larpmasters League 64 members This is MY group, where "
2026-09-25T10:00:17.805652+00:00,members,59,aster Join Myth hunters! 59 members Welcome to vortex myth h
2026-09-25T15:08:11.001310+00:00,members,3296,"xplore groups 753 Vortex 3,296 members This is the official gro"
2026-09-25T15:08:11.001310+00:00,members,2218,"veloper Join Vortex OGs! 2,218 members a group for vortex OGs t"
2026-09-25T15:08:11.001310+00:00,members,500,"
Group Creation - Aug 30
500 Members - Aug 31
1000 Members - "
2026-09-25T15:08:11.001310+00:00,members,1000," 30
500 Members - Aug 31
1000 Members - Sept 2

thanks y'all f"
2026-09-25T15:08:11.001310+00:00,members,2000,"Sept 2

thanks y'all for 2000 members!!!

- - - - - - - - - - "
2026-09-25T15:08:11.001310+00:00,members,943, By tex Join Vortex Devs 943 members if u like coding join th
2026-09-25T15:08:11.001310+00:00,members,643,rrito Join rareusernames 643 members join if u got a rare use
2026-09-25T15:08:11.001310+00:00,members,460,dds them By sin Join KEY 460 members Use Starcode: KEY When P
2026-09-25T15:08:11.001310+00:00,members,300," OF KEY

September 3rd - 300 Members! By Key Join ANTI-ROBLOX"
2026-09-25T15:08:11.001310+00:00,members,415, By Key Join ANTI-ROBLOX 415 members vortexians are better (i
2026-09-25T15:08:11.001310+00:00,members,332,wI Join Rarest Usernames 332 members The OFFICIAL Rare Userna
2026-09-25T15:08:11.001310+00:00,members,319,lade Join Obby Community 319 members A group for if you have 
2026-09-25T15:08:11.001310+00:00,members,271,"! By Koen Join BUSH CLUB 271 members BUSH CLUB FOREVER!!!
The"
2026-09-25T15:08:11.001310+00:00,members,211,in Wire - Volt Giveaways 211 members The Official Vortex grou
2026-09-25T15:08:11.001310+00:00,members,206,rian Join The 2Toneverse 206 members This Is The Official Fan
2026-09-25T15:08:11.001310+00:00,members,170,Tone Join VortexCon 2026 170 members VortexCon is a community
2026-09-25T15:08:11.001310+00:00,members,164,Brainy Join Team Carmine 164 members Join Today! By Carmine J
2026-09-25T15:08:11.001310+00:00,members,150,e Join First 100k Users! 150 members Only first 100k vortex u
2026-09-25T15:08:11.001310+00:00,members,133,amo Join Vortex Builders 133 members A Group for Builders By 
2026-09-25T15:08:11.001310+00:00,members,130,ficial Vortex News Group 130 members This is the official gro
2026-09-25T15:08:11.001310+00:00,members,115,Brainy Join Vortex Mafia 115 members This is the Vortex Mafia
2026-09-25T15:08:11.001310+00:00,members,112,SharpRust Join Car Club! 112 members Join our community! We r
2026-09-25T15:08:11.001310+00:00,members,100,n Join erik2's wasteland 100 members we are the wastelanders!
2026-09-25T15:08:11.001310+00:00,members,100,res By erik2 Join kostas 100 members kostas By kostas Join Na
2026-09-25T15:08:11.001310+00:00,members,96,y kostas Join NameSnipes 96 members The Official NameSnipes 
2026-09-25T15:08:11.001310+00:00,members,91,repidation Productions!) 91 members the official trepidation
2026-09-25T15:08:11.001310+00:00,members,88,Iamcooldudeweee Join 777 88 members We love Gambling $$ \($_
2026-09-25T15:08:11.001310+00:00,members,86,"in The Omniscient Empire 86 members The Eye Will Provide...
"
2026-09-25T15:08:11.001310+00:00,members,85,eOverseer Join Cool Gang 85 members Join this group if you a
2026-09-25T15:08:11.001310+00:00,members,75,"he Glitched Purple (TGP) 75 members TGP's official group!

t"
2026-09-25T15:08:11.001310+00:00,members,68,X2f By MiaTM Join Gaming 68 members I am Gaming/Itsgaming_AU
2026-09-25T15:08:11.001310+00:00,members,66,ming Join Vortex Traders 66 members For all the traders and 
2026-09-25T15:08:11.001310+00:00,members,64," Join Larpmasters League 64 members This is MY group, where "
2026-09-25T15:08:11.001310+00:00,members,60,aster Join Myth hunters! 60 members Welcome to vortex myth h
2026-09-25T19:15:07.445465+00:00,members,3310,"xplore groups 757 Vortex 3,310 members This is the official gro"
2026-09-25T19:15:07.445465+00:00,members,2230,"veloper Join Vortex OGs! 2,230 members a group for vortex OGs t"
2026-09-25T19:15:07.445465+00:00,members,500,"
Group Creation - Aug 30
500 Members - Aug 31
1000 Members - "
2026-09-25T19:15:07.445465+00:00,members,1000," 30
500 Members - Aug 31
1000 Members - Sept 2

thanks y'all f"
2026-09-25T19:15:07.445465+00:00,members,2000,"Sept 2

thanks y'all for 2000 members!!!

- - - - - - - - - - "
2026-09-25T19:15:07.445465+00:00,members,947, By tex Join Vortex Devs 947 members if u like coding join th
2026-09-25T19:15:07.445465+00:00,members,654,rrito Join rareusernames 654 members join if u got a rare use
2026-09-25T19:15:07.445465+00:00,members,462,dds them By sin Join KEY 462 members Use Starcode: KEY When P
2026-09-25T19:15:07.445465+00:00,members,300," OF KEY

September 3rd - 300 Members! By Key Join ANTI-ROBLOX"
2026-09-25T19:15:07.445465+00:00,members,418, By Key Join ANTI-ROBLOX 418 members vortexians are better (i
2026-09-25T19:15:07.445465+00:00,members,336,wI Join Rarest Usernames 336 members The OFFICIAL Rare Userna
2026-09-25T19:15:07.445465+00:00,members,319,lade Join Obby Community 319 members A group for if you have 
2026-09-25T19:15:07.445465+00:00,members,272,"! By Koen Join BUSH CLUB 272 members BUSH CLUB FOREVER!!!
The"
2026-09-25T19:15:07.445465+00:00,members,212,in Wire - Volt Giveaways 212 members The Official Vortex grou
2026-09-25T19:15:07.445465+00:00,members,207,rian Join The 2Toneverse 207 members This Is The Official Fan
2026-09-25T19:15:07.445465+00:00,members,171,Tone Join VortexCon 2026 171 members VortexCon is a community
2026-09-25T19:15:07.445465+00:00,members,164,Brainy Join Team Carmine 164 members Join Today! By Carmine J
2026-09-25T19:15:07.445465+00:00,members,151,e Join First 100k Users! 151 members Only first 100k vortex u
2026-09-25T19:15:07.445465+00:00,members,134,amo Join Vortex Builders 134 members A Group for Builders By 
2026-09-25T19:15:07.445465+00:00,members,131,ficial Vortex News Group 131 members This is the official gro
2026-09-25T19:15:07.445465+00:00,members,115,Brainy Join Vortex Mafia 115 members This is the Vortex Mafia
2026-09-25T19:15:07.445465+00:00,members,112,SharpRust Join Car Club! 112 members Join our community! We r
2026-09-25T19:15:07.445465+00:00,members,100,n Join erik2's wasteland 100 members we are the wastelanders!
2026-09-25T19:15:07.445465+00:00,members,100,res By erik2 Join kostas 100 members kostas By kostas Join Na
2026-09-25T19:15:07.445465+00:00,members,96,y kostas Join NameSnipes 96 members The Official NameSnipes 
2026-09-25T19:15:07.445465+00:00,members,94,repidation Productions!) 94 members the official trepidation
2026-09-25T19:15:07.445465+00:00,members,88,Iamcooldudeweee Join 777 88 members We love Gambling $$ \($_
2026-09-25T19:15:07.445465+00:00,members,86,"in The Omniscient Empire 86 members The Eye Will Provide...
"
2026-09-25T19:15:07.445465+00:00,members,85,eOverseer Join Cool Gang 85 members Join this group if you a
2026-09-25T19:15:07.445465+00:00,members,75,"he Glitched Purple (TGP) 75 members TGP's official group!

t"
2026-09-25T19:15:07.445465+00:00,members,68,X2f By MiaTM Join Gaming 68 members I am Gaming/Itsgaming_AU
2026-09-25T19:15:07.445465+00:00,members,66,ming Join Vortex Traders 66 members For all the traders and 
2026-09-25T19:15:07.445465+00:00,members,64," Join Larpmasters League 64 members This is MY group, where "
2026-09-25T19:15:07.445465+00:00,members,61,aster Join Myth hunters! 61 members Welcome to vortex myth h
2026-09-25T22:25:50.806083+00:00,members,3331,"xplore groups 759 Vortex 3,331 members This is the official gro"
2026-09-25T22:25:50.806083+00:00,members,2257,"veloper Join Vortex OGs! 2,257 members a group for vortex OGs t"
2026-09-25T22:25:50.806083+00:00,members,500,"
Group Creation - Aug 30
500 Members - Aug 31
1000 Members - "
2026-09-25T22:25:50.806083+00:00,members,1000," 30
500 Members - Aug 31
1000 Members - Sept 2

thanks y'all f"
2026-09-25T22:25:50.806083+00:00,members,2000,"Sept 2

thanks y'all for 2000 members!!!

- - - - - - - - - - "
2026-09-25T22:25:50.806083+00:00,members,952, By tex Join Vortex Devs 952 members if u like coding join th
2026-09-25T22:25:50.806083+00:00,members,662,rrito Join rareusernames 662 members join if u got a rare use
2026-09-25T22:25:50.806083+00:00,members,466,dds them By sin Join KEY 466 members Use Starcode: KEY When P
2026-09-25T22:25:50.806083+00:00,members,300," OF KEY

September 3rd - 300 Members! By Key Join ANTI-ROBLOX"
2026-09-25T22:25:50.806083+00:00,members,422, By Key Join ANTI-ROBLOX 422 members vortexians are better (i
2026-09-25T22:25:50.806083+00:00,members,341,wI Join Rarest Usernames 341 members The OFFICIAL Rare Userna
2026-09-25T22:25:50.806083+00:00,members,324,lade Join Obby Community 324 members A group for if you have 
2026-09-25T22:25:50.806083+00:00,members,272,"! By Koen Join BUSH CLUB 272 members BUSH CLUB FOREVER!!!
The"
2026-09-25T22:25:50.806083+00:00,members,214,in Wire - Volt Giveaways 214 members The Official Vortex grou
2026-09-25T22:25:50.806083+00:00,members,209,rian Join The 2Toneverse 209 members This Is The Official Fan
2026-09-25T22:25:50.806083+00:00,members,174,Tone Join VortexCon 2026 174 members VortexCon is a community
2026-09-25T22:25:50.806083+00:00,members,165,Brainy Join Team Carmine 165 members Join Today! By Carmine J
2026-09-25T22:25:50.806083+00:00,members,156,e Join First 100k Users! 156 members Only first 100k vortex u
2026-09-25T22:25:50.806083+00:00,members,134,amo Join Vortex Builders 134 members A Group for Builders By 
2026-09-25T22:25:50.806083+00:00,members,133,ficial Vortex News Group 133 members This is the official gro
2026-09-25T22:25:50.806083+00:00,members,116,Brainy Join Vortex Mafia 116 members This is the Vortex Mafia
2026-09-25T22:25:50.806083+00:00,members,112,SharpRust Join Car Club! 112 members Join our community! We r
2026-09-25T22:25:50.806083+00:00,members,101, TheBlockMan Join kostas 101 members kostas By kostas Join er
2026-09-25T22:25:50.806083+00:00,members,100,s Join erik2's wasteland 100 members we are the wastelanders!
2026-09-25T22:25:50.806083+00:00,members,97,By erik2 Join NameSnipes 97 members The Official NameSnipes 
2026-09-25T22:25:50.806083+00:00,members,95,repidation Productions!) 95 members the official trepidation
2026-09-25T22:25:50.806083+00:00,members,89,Iamcooldudeweee Join 777 89 members We love Gambling $$ \($_
2026-09-25T22:25:50.806083+00:00,members,86,"in The Omniscient Empire 86 members The Eye Will Provide...
"
2026-09-25T22:25:50.806083+00:00,members,86,eOverseer Join Cool Gang 86 members Join this group if you a
2026-09-25T22:25:50.806083+00:00,members,76,"he Glitched Purple (TGP) 76 members TGP's official group!

t"
2026-09-25T22:25:50.806083+00:00,members,68,X2f By MiaTM Join Gaming 68 members I am Gaming/Itsgaming_AU
2026-09-25T22:25:50.806083+00:00,members,67,ming Join Vortex Traders 67 members For all the traders and 
2026-09-25T22:25:50.806083+00:00,members,66,y Hype Join Luxs Network 66 members this is luxs network :0 
2026-09-25T22:25:50.806083+00:00,members,66," Join Larpmasters League 66 members This is MY group, where "
2026-09-26T00:45:53.381644+00:00,members,3345,"xplore groups 761 Vortex 3,345 members This is the official gro"
2026-09-26T00:45:53.381644+00:00,members,2270,"veloper Join Vortex OGs! 2,270 members a group for vortex OGs t"
2026-09-26T00:45:53.381644+00:00,members,500,"
Group Creation - Aug 30
500 Members - Aug 31
1000 Members - "
2026-09-26T00:45:53.381644+00:00,members,1000," 30
500 Members - Aug 31
1000 Members - Sept 2

thanks y'all f"
2026-09-26T00:45:53.381644+00:00,members,2000,"Sept 2

thanks y'all for 2000 members!!!

- - - - - - - - - - "
2026-09-26T00:45:53.381644+00:00,members,958, By tex Join Vortex Devs 958 members if u like coding join th
2026-09-26T00:45:53.381644+00:00,members,667,rrito Join rareusernames 667 members join if u got a rare use
2026-09-26T00:45:53.381644+00:00,members,469,dds them By sin Join KEY 469 members Use Starcode: KEY When P
2026-09-26T00:45:53.381644+00:00,members,300," OF KEY

September 3rd - 300 Members! By Key Join ANTI-ROBLOX"
2026-09-26T00:45:53.381644+00:00,members,425, By Key Join ANTI-ROBLOX 425 members vortexians are better (i
2026-09-26T00:45:53.381644+00:00,members,345,wI Join Rarest Usernames 345 members The OFFICIAL Rare Userna
2026-09-26T00:45:53.381644+00:00,members,327,lade Join Obby Community 327 members A group for if you have 
2026-09-26T00:45:53.381644+00:00,members,275,"! By Koen Join BUSH CLUB 275 members BUSH CLUB FOREVER!!!
The"
2026-09-26T00:45:53.381644+00:00,members,218,in Wire - Volt Giveaways 218 members The Official Vortex grou
2026-09-26T00:45:53.381644+00:00,members,209,rian Join The 2Toneverse 209 members This Is The Official Fan
2026-09-26T00:45:53.381644+00:00,members,175,Tone Join VortexCon 2026 175 members VortexCon is a community
2026-09-26T00:45:53.381644+00:00,members,165,Brainy Join Team Carmine 165 members Join Today! By Carmine J
2026-09-26T00:45:53.381644+00:00,members,158,e Join First 100k Users! 158 members Only first 100k vortex u
2026-09-26T00:45:53.381644+00:00,members,135,ficial Vortex News Group 135 members This is the official gro
2026-09-26T00:45:53.381644+00:00,members,134,iny Join Vortex Builders 134 members A Group for Builders By 
2026-09-26T00:45:53.381644+00:00,members,116,y Asmo Join Vortex Mafia 116 members This is the Vortex Mafia
2026-09-26T00:45:53.381644+00:00,members,113,SharpRust Join Car Club! 113 members Join our community! We r
2026-09-26T00:45:53.381644+00:00,members,102, TheBlockMan Join kostas 102 members kostas By kostas Join er
2026-09-26T00:45:53.381644+00:00,members,101,s Join erik2's wasteland 101 members we are the wastelanders!
2026-09-26T00:45:53.381644+00:00,members,97,By erik2 Join NameSnipes 97 members The Official NameSnipes 
2026-09-26T00:45:53.381644+00:00,members,95,repidation Productions!) 95 members the official trepidation
2026-09-26T00:45:53.381644+00:00,members,90,Iamcooldudeweee Join 777 90 members We love Gambling $$ \($_
2026-09-26T00:45:53.381644+00:00,members,87,"in The Omniscient Empire 87 members The Eye Will Provide...
"
2026-09-26T00:45:53.381644+00:00,members,87,eOverseer Join Cool Gang 87 members Join this group if you a
2026-09-26T00:45:53.381644+00:00,members,76,"he Glitched Purple (TGP) 76 members TGP's official group!

t"
2026-09-26T00:45:53.381644+00:00,members,70, MiaTM Join Luxs Network 70 members this is luxs network :0 
2026-09-26T00:45:53.381644+00:00,members,68,tLux Join Vortex Traders 68 members For all the traders and 
2026-09-26T00:45:53.381644+00:00,members,68,tex! By Hype Join Gaming 68 members I am Gaming/Itsgaming_AU
2026-09-26T00:45:53.381644+00:00,members,66," Join Larpmasters League 66 members This is MY group, where "
2026-09-26T05:49:13.271467+00:00,members,3362,"xplore groups 764 Vortex 3,362 members This is the official gro"
2026-09-26T05:49:13.271467+00:00,members,2286,"veloper Join Vortex OGs! 2,286 members a group for vortex OGs t"
2026-09-26T05:49:13.271467+00:00,members,500,"
Group Creation - Aug 30
500 Members - Aug 31
1000 Members - "
2026-09-26T05:49:13.271467+00:00,members,1000," 30
500 Members - Aug 31
1000 Members - Sept 2

thanks y'all f"
2026-09-26T05:49:13.271467+00:00,members,2000,"Sept 2

thanks y'all for 2000 members!!!

- - - - - - - - - - "
2026-09-26T05:49:13.271467+00:00,members,960, By tex Join Vortex Devs 960 members if u like coding join th
2026-09-26T05:49:13.271467+00:00,members,670,rrito Join rareusernames 670 members join if u got a rare use
2026-09-26T05:49:13.271467+00:00,members,469,dds them By sin Join KEY 469 members Use Starcode: KEY When P
2026-09-26T05:49:13.271467+00:00,members,300," OF KEY

September 3rd - 300 Members! By Key Join ANTI-ROBLOX"
2026-09-26T05:49:13.271467+00:00,members,425, By Key Join ANTI-ROBLOX 425 members vortexians are better (i
2026-09-26T05:49:13.271467+00:00,members,349,wI Join Rarest Usernames 349 members The OFFICIAL Rare Userna
2026-09-26T05:49:13.271467+00:00,members,330,lade Join Obby Community 330 members A group for if you have 
2026-09-26T05:49:13.271467+00:00,members,277,"! By Koen Join BUSH CLUB 277 members BUSH CLUB FOREVER!!!
The"
2026-09-26T05:49:13.271467+00:00,members,219,in Wire - Volt Giveaways 219 members The Official Vortex grou
2026-09-26T05:49:13.271467+00:00,members,209,rian Join The 2Toneverse 209 members This Is The Official Fan
2026-09-26T05:49:13.271467+00:00,members,175,Tone Join VortexCon 2026 175 members VortexCon is a community
2026-09-26T05:49:13.271467+00:00,members,166,Brainy Join Team Carmine 166 members Join Today! By Carmine J
2026-09-26T05:49:13.271467+00:00,members,164,e Join First 100k Users! 164 members Only first 100k vortex u
2026-09-26T05:49:13.271467+00:00,members,135,ficial Vortex News Group 135 members This is the official gro
2026-09-26T05:49:13.271467+00:00,members,135,iny Join Vortex Builders 135 members A Group for Builders By 
2026-09-26T05:49:13.271467+00:00,members,116,y Asmo Join Vortex Mafia 116 members This is the Vortex Mafia
2026-09-26T05:49:13.271467+00:00,members,115,SharpRust Join Car Club! 115 members Join our community! We r
2026-09-26T05:49:13.271467+00:00,members,102,n Join erik2's wasteland 102 members we are the wastelanders!
2026-09-26T05:49:13.271467+00:00,members,102,res By erik2 Join kostas 102 members kostas By kostas Join Na
2026-09-26T05:49:13.271467+00:00,members,100,y kostas Join NameSnipes 100 members The Official NameSnipes 
2026-09-26T05:49:13.271467+00:00,members,96,repidation Productions!) 96 members the official trepidation
2026-09-26T05:49:13.271467+00:00,members,91,Iamcooldudeweee Join 777 91 members We love Gambling $$ \($_
2026-09-26T05:49:13.271467+00:00,members,88,y Catalog Join Cool Gang 88 members Join this group if you a
2026-09-26T05:49:13.271467+00:00,members,87,"in The Omniscient Empire 87 members The Eye Will Provide...
"
2026-09-26T05:49:13.271467+00:00,members,76,"he Glitched Purple (TGP) 76 members TGP's official group!

t"
2026-09-26T05:49:13.271467+00:00,members,75, MiaTM Join Luxs Network 75 members this is luxs network :0 
2026-09-26T05:49:13.271467+00:00,members,68,tLux Join Vortex Traders 68 members For all the traders and 
2026-09-26T05:49:13.271467+00:00,members,68,tex! By Hype Join Gaming 68 members I am Gaming/Itsgaming_AU
2026-09-26T05:49:13.271467+00:00,members,66," Join Larpmasters League 66 members This is MY group, where "
2026-09-26T10:46:06.344696+00:00,members,3384,"xplore groups 766 Vortex 3,384 members This is the official gro"
2026-09-26T10:46:06.344696+00:00,members,2308,"veloper Join Vortex OGs! 2,308 members a group for vortex OGs t"
2026-09-26T10:46:06.344696+00:00,members,500,"
Group Creation - Aug 30
500 Members - Aug 31
1000 Members - "
2026-09-26T10:46:06.344696+00:00,members,1000," 30
500 Members - Aug 31
1000 Members - Sept 2

thanks y'all f"
2026-09-26T10:46:06.344696+00:00,members,2000,"Sept 2

thanks y'all for 2000 members!!!

- - - - - - - - - - "
2026-09-26T10:46:06.344696+00:00,members,965, By tex Join Vortex Devs 965 members if u like coding join th
2026-09-26T10:46:06.344696+00:00,members,676,rrito Join rareusernames 676 members join if u got a rare use
2026-09-26T10:46:06.344696+00:00,members,475,dds them By sin Join KEY 475 members Use Starcode: KEY When P
2026-09-26T10:46:06.344696+00:00,members,300," OF KEY

September 3rd - 300 Members! By Key Join ANTI-ROBLOX"
2026-09-26T10:46:06.344696+00:00,members,429, By Key Join ANTI-ROBLOX 429 members vortexians are better (i
2026-09-26T10:46:06.344696+00:00,members,353,wI Join Rarest Usernames 353 members The OFFICIAL Rare Userna
2026-09-26T10:46:06.344696+00:00,members,332,lade Join Obby Community 332 members A group for if you have 
2026-09-26T10:46:06.344696+00:00,members,277,"! By Koen Join BUSH CLUB 277 members BUSH CLUB FOREVER!!!
The"
2026-09-26T10:46:06.344696+00:00,members,220,in Wire - Volt Giveaways 220 members The Official Vortex grou
2026-09-26T10:46:06.344696+00:00,members,210,rian Join The 2Toneverse 210 members This Is The Official Fan
2026-09-26T10:46:06.344696+00:00,members,175,Tone Join VortexCon 2026 175 members VortexCon is a community
2026-09-26T10:46:06.344696+00:00,members,166,Brainy Join Team Carmine 166 members Join Today! By Carmine J
2026-09-26T10:46:06.344696+00:00,members,166,e Join First 100k Users! 166 members Only first 100k vortex u
2026-09-26T10:46:06.344696+00:00,members,136,amo Join Vortex Builders 136 members A Group for Builders By 
2026-09-26T10:46:06.344696+00:00,members,135,ficial Vortex News Group 135 members This is the official gro
2026-09-26T10:46:06.344696+00:00,members,116,Brainy Join Vortex Mafia 116 members This is the Vortex Mafia
2026-09-26T10:46:06.344696+00:00,members,115,SharpRust Join Car Club! 115 members Join our community! We r
2026-09-26T10:46:06.344696+00:00,members,104,n Join erik2's wasteland 104 members we are the wastelanders!
2026-09-26T10:46:06.344696+00:00,members,102,res By erik2 Join kostas 102 members kostas By kostas Join Na
2026-09-26T10:46:06.344696+00:00,members,101,y kostas Join NameSnipes 101 members The Official NameSnipes 
2026-09-26T10:46:06.344696+00:00,members,96,repidation Productions!) 96 members the official trepidation
2026-09-26T10:46:06.344696+00:00,members,92,Iamcooldudeweee Join 777 92 members We love Gambling $$ \($_
2026-09-26T10:46:06.344696+00:00,members,88,y Catalog Join Cool Gang 88 members Join this group if you a
2026-09-26T10:46:06.344696+00:00,members,87,"in The Omniscient Empire 87 members The Eye Will Provide...
"
2026-09-26T10:46:06.344696+00:00,members,77,erseer Join Luxs Network 77 members this is luxs network :0 
2026-09-26T10:46:06.344696+00:00,members,77,"he Glitched Purple (TGP) 77 members TGP's official group!

t"
2026-09-26T10:46:06.344696+00:00,members,69,X2f By MiaTM Join Gaming 69 members I am Gaming/Itsgaming_AU
2026-09-26T10:46:06.344696+00:00,members,68,ming Join Vortex Traders 68 members For all the traders and 
2026-09-26T10:46:06.344696+00:00,members,67," Join Larpmasters League 67 members This is MY group, where "
2026-09-26T14:52:38.448629+00:00,members,3409,"xplore groups 766 Vortex 3,409 members This is the official gro"
2026-09-26T14:52:38.448629+00:00,members,2326,"veloper Join Vortex OGs! 2,326 members a group for vortex OGs t"
2026-09-26T14:52:38.448629+00:00,members,500,"
Group Creation - Aug 30
500 Members - Aug 31
1000 Members - "
2026-09-26T14:52:38.448629+00:00,members,1000," 30
500 Members - Aug 31
1000 Members - Sept 2

thanks y'all f"
2026-09-26T14:52:38.448629+00:00,members,2000,"Sept 2

thanks y'all for 2000 members!!!

- - - - - - - - - - "
2026-09-26T14:52:38.448629+00:00,members,973, By tex Join Vortex Devs 973 members if u like coding join th
2026-09-26T14:52:38.448629+00:00,members,680,rrito Join rareusernames 680 members join if u got a rare use
2026-09-26T14:52:38.448629+00:00,members,482,dds them By sin Join KEY 482 members Use Starcode: KEY When P
2026-09-26T14:52:38.448629+00:00,members,300," OF KEY

September 3rd - 300 Members! By Key Join ANTI-ROBLOX"
2026-09-26T14:52:38.448629+00:00,members,435, By Key Join ANTI-ROBLOX 435 members vortexians are better (i
2026-09-26T14:52:38.448629+00:00,members,359,wI Join Rarest Usernames 359 members The OFFICIAL Rare Userna
2026-09-26T14:52:38.448629+00:00,members,337,lade Join Obby Community 337 members A group for if you have 
2026-09-26T14:52:38.448629+00:00,members,277,"! By Koen Join BUSH CLUB 277 members BUSH CLUB FOREVER!!!
The"
2026-09-26T14:52:38.448629+00:00,members,223,in Wire - Volt Giveaways 223 members The Official Vortex grou
2026-09-26T14:52:38.448629+00:00,members,211,rian Join The 2Toneverse 211 members This Is The Official Fan
2026-09-26T14:52:38.448629+00:00,members,177,Tone Join VortexCon 2026 177 members VortexCon is a community
2026-09-26T14:52:38.448629+00:00,members,169,y Join First 100k Users! 169 members Only first 100k vortex u
2026-09-26T14:52:38.448629+00:00,members,166,y camo Join Team Carmine 166 members Join Today! By Carmine J
2026-09-26T14:52:38.448629+00:00,members,138,ficial Vortex News Group 138 members This is the official gro
2026-09-26T14:52:38.448629+00:00,members,136,iny Join Vortex Builders 136 members A Group for Builders By 
2026-09-26T14:52:38.448629+00:00,members,118,y Asmo Join Vortex Mafia 118 members This is the Vortex Mafia
2026-09-26T14:52:38.448629+00:00,members,115,SharpRust Join Car Club! 115 members Join our community! We r
2026-09-26T14:52:38.448629+00:00,members,104,n Join erik2's wasteland 104 members we are the wastelanders!
2026-09-26T14:52:38.448629+00:00,members,103,res By erik2 Join kostas 103 members kostas By kostas Join Na
2026-09-26T14:52:38.448629+00:00,members,102,y kostas Join NameSnipes 102 members The Official NameSnipes 
2026-09-26T14:52:38.448629+00:00,members,96,repidation Productions!) 96 members the official trepidation
2026-09-26T14:52:38.448629+00:00,members,93,Iamcooldudeweee Join 777 93 members We love Gambling $$ \($_
2026-09-26T14:52:38.448629+00:00,members,89,y Catalog Join Cool Gang 89 members Join this group if you a
2026-09-26T14:52:38.448629+00:00,members,87,"in The Omniscient Empire 87 members The Eye Will Provide...
"
2026-09-26T14:52:38.448629+00:00,members,77,erseer Join Luxs Network 77 members this is luxs network :0 
2026-09-26T14:52:38.448629+00:00,members,77,"he Glitched Purple (TGP) 77 members TGP's official group!

t"
2026-09-26T14:52:38.448629+00:00,members,69,X2f By MiaTM Join Gaming 69 members I am Gaming/Itsgaming_AU
2026-09-26T14:52:38.448629+00:00,members,68,ming Join Vortex Traders 68 members For all the traders and 
2026-09-26T14:52:38.448629+00:00,members,67, Hype Join Myth hunters! 67 members Welcome to vortex myth h
2026-09-26T18:17:20.592957+00:00,members,3421,"xplore groups 767 Vortex 3,421 members This is the official gro"
2026-09-26T18:17:20.592957+00:00,members,2337,"veloper Join Vortex OGs! 2,337 members a group for vortex OGs t"
2026-09-26T18:17:20.592957+00:00,members,500,"
Group Creation - Aug 30
500 Members - Aug 31
1000 Members - "
2026-09-26T18:17:20.592957+00:00,members,1000," 30
500 Members - Aug 31
1000 Members - Sept 2

thanks y'all f"
2026-09-26T18:17:20.592957+00:00,members,2000,"Sept 2

thanks y'all for 2000 members!!!

- - - - - - - - - - "
2026-09-26T18:17:20.592957+00:00,members,975, By tex Join Vortex Devs 975 members if u like coding join th
2026-09-26T18:17:20.592957+00:00,members,682,rrito Join rareusernames 682 members join if u got a rare use
2026-09-26T18:17:20.592957+00:00,members,483,dds them By sin Join KEY 483 members Use Starcode: KEY When P
2026-09-26T18:17:20.592957+00:00,members,300," OF KEY

September 3rd - 300 Members! By Key Join ANTI-ROBLOX"
2026-09-26T18:17:20.592957+00:00,members,441, By Key Join ANTI-ROBLOX 441 members vortexians are better (i
2026-09-26T18:17:20.592957+00:00,members,361,wI Join Rarest Usernames 361 members The OFFICIAL Rare Userna
2026-09-26T18:17:20.592957+00:00,members,340,lade Join Obby Community 340 members A group for if you have 
2026-09-26T18:17:20.592957+00:00,members,277,"! By Koen Join BUSH CLUB 277 members BUSH CLUB FOREVER!!!
The"
2026-09-26T18:17:20.592957+00:00,members,224,in Wire - Volt Giveaways 224 members The Official Vortex grou
2026-09-26T18:17:20.592957+00:00,members,211,rian Join The 2Toneverse 211 members This Is The Official Fan
2026-09-26T18:17:20.592957+00:00,members,179,Tone Join VortexCon 2026 179 members VortexCon is a community
2026-09-26T18:17:20.592957+00:00,members,171,y Join First 100k Users! 171 members Only first 100k vortex u
2026-09-26T18:17:20.592957+00:00,members,166,y camo Join Team Carmine 166 members Join Today! By Carmine J
2026-09-26T18:17:20.592957+00:00,members,139,ficial Vortex News Group 139 members This is the official gro
2026-09-26T18:17:20.592957+00:00,members,138,iny Join Vortex Builders 138 members A Group for Builders By 
2026-09-26T18:17:20.592957+00:00,members,118,y Asmo Join Vortex Mafia 118 members This is the Vortex Mafia
2026-09-26T18:17:20.592957+00:00,members,116,SharpRust Join Car Club! 116 members Join our community! We r
2026-09-26T18:17:20.592957+00:00,members,104,n Join erik2's wasteland 104 members we are the wastelanders!
2026-09-26T18:17:20.592957+00:00,members,104,By erik2 Join NameSnipes 104 members The Official NameSnipes 
2026-09-26T18:17:20.592957+00:00,members,103,23) By blade Join kostas 103 members kostas By kostas Join Pr
2026-09-26T18:17:20.592957+00:00,members,96,repidation Productions!) 96 members the official trepidation
2026-09-26T18:17:20.592957+00:00,members,93,Iamcooldudeweee Join 777 93 members We love Gambling $$ \($_
2026-09-26T18:17:20.592957+00:00,members,90,y Catalog Join Cool Gang 90 members Join this group if you a
2026-09-26T18:17:20.592957+00:00,members,87,"in The Omniscient Empire 87 members The Eye Will Provide...
"
2026-09-26T18:17:20.592957+00:00,members,77,erseer Join Luxs Network 77 members this is luxs network :0 
2026-09-26T18:17:20.592957+00:00,members,77,"he Glitched Purple (TGP) 77 members TGP's official group!

t"
2026-09-26T18:17:20.592957+00:00,members,69,MiaTM Join Myth hunters! 69 members Welcome to vortex myth h
2026-09-26T18:17:20.592957+00:00,members,69,ths! By kiwi Join Gaming 69 members I am Gaming/Itsgaming_AU
2026-09-26T18:17:20.592957+00:00,members,68,ming Join Vortex Traders 68 members For all the traders and 
2026-09-26T21:22:34.890612+00:00,members,3433,"xplore groups 769 Vortex 3,433 members This is the official gro"
2026-09-26T21:22:34.890612+00:00,members,2348,"veloper Join Vortex OGs! 2,348 members a group for vortex OGs t"
2026-09-26T21:22:34.890612+00:00,members,500,"
Group Creation - Aug 30
500 Members - Aug 31
1000 Members - "
2026-09-26T21:22:34.890612+00:00,members,1000," 30
500 Members - Aug 31
1000 Members - Sept 2

thanks y'all f"
2026-09-26T21:22:34.890612+00:00,members,2000,"Sept 2

thanks y'all for 2000 members!!!

- - - - - - - - - - "
2026-09-26T21:22:34.890612+00:00,members,976, By tex Join Vortex Devs 976 members if u like coding join th
2026-09-26T21:22:34.890612+00:00,members,687,rrito Join rareusernames 687 members join if u got a rare use
2026-09-26T21:22:34.890612+00:00,members,484,dds them By sin Join KEY 484 members Use Starcode: KEY When P
2026-09-26T21:22:34.890612+00:00,members,300," OF KEY

September 3rd - 300 Members! By Key Join ANTI-ROBLOX"
2026-09-26T21:22:34.890612+00:00,members,441, By Key Join ANTI-ROBLOX 441 members vortexians are better (i
2026-09-26T21:22:34.890612+00:00,members,364,wI Join Rarest Usernames 364 members The OFFICIAL Rare Userna
2026-09-26T21:22:34.890612+00:00,members,341,lade Join Obby Community 341 members A group for if you have 
2026-09-26T21:22:34.890612+00:00,members,277,"! By Koen Join BUSH CLUB 277 members BUSH CLUB FOREVER!!!
The"
2026-09-26T21:22:34.890612+00:00,members,224,in Wire - Volt Giveaways 224 members The Official Vortex grou
2026-09-26T21:22:34.890612+00:00,members,211,rian Join The 2Toneverse 211 members This Is The Official Fan
2026-09-26T21:22:34.890612+00:00,members,180,Tone Join VortexCon 2026 180 members VortexCon is a community
2026-09-26T21:22:34.890612+00:00,members,177,y Join First 100k Users! 177 members Only first 100k vortex u
2026-09-26T21:22:34.890612+00:00,members,166,y camo Join Team Carmine 166 members Join Today! By Carmine J
2026-09-26T21:22:34.890612+00:00,members,139,ficial Vortex News Group 139 members This is the official gro
2026-09-26T21:22:34.890612+00:00,members,138,iny Join Vortex Builders 138 members A Group for Builders By 
2026-09-26T21:22:34.890612+00:00,members,118,y Asmo Join Vortex Mafia 118 members This is the Vortex Mafia
2026-09-26T21:22:34.890612+00:00,members,116,SharpRust Join Car Club! 116 members Join our community! We r
2026-09-26T21:22:34.890612+00:00,members,105,BlockMan Join NameSnipes 105 members The Official NameSnipes 
2026-09-26T21:22:34.890612+00:00,members,104,e Join erik2's wasteland 104 members we are the wastelanders!
2026-09-26T21:22:34.890612+00:00,members,104,res By erik2 Join kostas 104 members kostas By kostas Join Pr
2026-09-26T21:22:34.890612+00:00,members,96,repidation Productions!) 96 members the official trepidation
2026-09-26T21:22:34.890612+00:00,members,93,Iamcooldudeweee Join 777 93 members We love Gambling $$ \($_
2026-09-26T21:22:34.890612+00:00,members,90,y Catalog Join Cool Gang 90 members Join this group if you a
2026-09-26T21:22:34.890612+00:00,members,87,"in The Omniscient Empire 87 members The Eye Will Provide...
"
2026-09-26T21:22:34.890612+00:00,members,78,erseer Join Luxs Network 78 members this is luxs network :0 
2026-09-26T21:22:34.890612+00:00,members,77,"he Glitched Purple (TGP) 77 members TGP's official group!

t"
2026-09-26T21:22:34.890612+00:00,members,69,MiaTM Join Myth hunters! 69 members Welcome to vortex myth h
2026-09-26T21:22:34.890612+00:00,members,69,ths! By kiwi Join Gaming 69 members I am Gaming/Itsgaming_AU
2026-09-26T21:22:34.890612+00:00,members,68,ming Join Vortex Traders 68 members For all the traders and 
2026-09-26T23:44:12.062271+00:00,members,3443,"xplore groups 770 Vortex 3,443 members This is the official gro"
2026-09-26T23:44:12.062271+00:00,members,2355,"veloper Join Vortex OGs! 2,355 members a group for vortex OGs t"
2026-09-26T23:44:12.062271+00:00,members,500,"
Group Creation - Aug 30
500 Members - Aug 31
1000 Members - "
2026-09-26T23:44:12.062271+00:00,members,1000," 30
500 Members - Aug 31
1000 Members - Sept 2

thanks y'all f"
2026-09-26T23:44:12.062271+00:00,members,2000,"Sept 2

thanks y'all for 2000 members!!!

- - - - - - - - - - "
2026-09-26T23:44:12.062271+00:00,members,979, By tex Join Vortex Devs 979 members if u like coding join th
2026-09-26T23:44:12.062271+00:00,members,688,rrito Join rareusernames 688 members join if u got a rare use
2026-09-26T23:44:12.062271+00:00,members,485,dds them By sin Join KEY 485 members Use Starcode: KEY When P
2026-09-26T23:44:12.062271+00:00,members,300," OF KEY

September 3rd - 300 Members! By Key Join ANTI-ROBLOX"
2026-09-26T23:44:12.062271+00:00,members,443, By Key Join ANTI-ROBLOX 443 members vortexians are better (i
2026-09-26T23:44:12.062271+00:00,members,367,wI Join Rarest Usernames 367 members The OFFICIAL Rare Userna
2026-09-26T23:44:12.062271+00:00,members,343,lade Join Obby Community 343 members A group for if you have 
2026-09-26T23:44:12.062271+00:00,members,277,"! By Koen Join BUSH CLUB 277 members BUSH CLUB FOREVER!!!
The"
2026-09-26T23:44:12.062271+00:00,members,224,in Wire - Volt Giveaways 224 members The Official Vortex grou
2026-09-26T23:44:12.062271+00:00,members,211,rian Join The 2Toneverse 211 members This Is The Official Fan
2026-09-26T23:44:12.062271+00:00,members,180,Tone Join VortexCon 2026 180 members VortexCon is a community
2026-09-26T23:44:12.062271+00:00,members,178,y Join First 100k Users! 178 members Only first 100k vortex u
2026-09-26T23:44:12.062271+00:00,members,166,y camo Join Team Carmine 166 members Join Today! By Carmine J
2026-09-26T23:44:12.062271+00:00,members,140,ficial Vortex News Group 140 members This is the official gro
2026-09-26T23:44:12.062271+00:00,members,138,iny Join Vortex Builders 138 members A Group for Builders By 
2026-09-26T23:44:12.062271+00:00,members,118,y Asmo Join Vortex Mafia 118 members This is the Vortex Mafia
2026-09-26T23:44:12.062271+00:00,members,116,SharpRust Join Car Club! 116 members Join our community! We r
2026-09-26T23:44:12.062271+00:00,members,105,BlockMan Join NameSnipes 105 members The Official NameSnipes 
2026-09-26T23:44:12.062271+00:00,members,104,e Join erik2's wasteland 104 members we are the wastelanders!
2026-09-26T23:44:12.062271+00:00,members,104,res By erik2 Join kostas 104 members kostas By kostas Join Pr
2026-09-26T23:44:12.062271+00:00,members,96,repidation Productions!) 96 members the official trepidation
2026-09-26T23:44:12.062271+00:00,members,93,Iamcooldudeweee Join 777 93 members We love Gambling $$ \($_
2026-09-26T23:44:12.062271+00:00,members,90,y Catalog Join Cool Gang 90 members Join this group if you a
2026-09-26T23:44:12.062271+00:00,members,87,"in The Omniscient Empire 87 members The Eye Will Provide...
"
2026-09-26T23:44:12.062271+00:00,members,78,erseer Join Luxs Network 78 members this is luxs network :0 
2026-09-26T23:44:12.062271+00:00,members,77,"he Glitched Purple (TGP) 77 members TGP's official group!

t"
2026-09-26T23:44:12.062271+00:00,members,69,MiaTM Join Myth hunters! 69 members Welcome to vortex myth h
2026-09-26T23:44:12.062271+00:00,members,69,ths! By kiwi Join Gaming 69 members I am Gaming/Itsgaming_AU
2026-09-26T23:44:12.062271+00:00,members,68,ming Join Vortex Traders 68 members For all the traders and 
2026-09-27T01:51:18.510267+00:00,members,3447,"xplore groups 770 Vortex 3,447 members This is the official gro"
2026-09-27T01:51:18.510267+00:00,members,2358,"veloper Join Vortex OGs! 2,358 members a group for vortex OGs t"
2026-09-27T01:51:18.510267+00:00,members,500,"
Group Creation - Aug 30
500 Members - Aug 31
1000 Members - "
2026-09-27T01:51:18.510267+00:00,members,1000," 30
500 Members - Aug 31
1000 Members - Sept 2

thanks y'all f"
2026-09-27T01:51:18.510267+00:00,members,2000,"Sept 2

thanks y'all for 2000 members!!!

- - - - - - - - - - "
2026-09-27T01:51:18.510267+00:00,members,979, By tex Join Vortex Devs 979 members if u like coding join th
2026-09-27T01:51:18.510267+00:00,members,688,rrito Join rareusernames 688 members join if u got a rare use
2026-09-27T01:51:18.510267+00:00,members,485,dds them By sin Join KEY 485 members Use Starcode: KEY When P
2026-09-27T01:51:18.510267+00:00,members,300," OF KEY

September 3rd - 300 Members! By Key Join ANTI-ROBLOX"
2026-09-27T01:51:18.510267+00:00,members,443, By Key Join ANTI-ROBLOX 443 members vortexians are better (i
2026-09-27T01:51:18.510267+00:00,members,367,wI Join Rarest Usernames 367 members The OFFICIAL Rare Userna
2026-09-27T01:51:18.510267+00:00,members,344,lade Join Obby Community 344 members A group for if you have 
2026-09-27T01:51:18.510267+00:00,members,277,"! By Koen Join BUSH CLUB 277 members BUSH CLUB FOREVER!!!
The"
2026-09-27T01:51:18.510267+00:00,members,224,in Wire - Volt Giveaways 224 members The Official Vortex grou
2026-09-27T01:51:18.510267+00:00,members,211,rian Join The 2Toneverse 211 members This Is The Official Fan
2026-09-27T01:51:18.510267+00:00,members,180,Tone Join VortexCon 2026 180 members VortexCon is a community
2026-09-27T01:51:18.510267+00:00,members,178,y Join First 100k Users! 178 members Only first 100k vortex u
2026-09-27T01:51:18.510267+00:00,members,166,y camo Join Team Carmine 166 members Join Today! By Carmine J
2026-09-27T01:51:18.510267+00:00,members,140,ficial Vortex News Group 140 members This is the official gro
2026-09-27T01:51:18.510267+00:00,members,138,iny Join Vortex Builders 138 members A Group for Builders By 
2026-09-27T01:51:18.510267+00:00,members,118,y Asmo Join Vortex Mafia 118 members This is the Vortex Mafia
2026-09-27T01:51:18.510267+00:00,members,116,SharpRust Join Car Club! 116 members Join our community! We r
2026-09-27T01:51:18.510267+00:00,members,105,BlockMan Join NameSnipes 105 members The Official NameSnipes 
2026-09-27T01:51:18.510267+00:00,members,104,e Join erik2's wasteland 104 members we are the wastelanders!
2026-09-27T01:51:18.510267+00:00,members,104,res By erik2 Join kostas 104 members kostas By kostas Join Pr
2026-09-27T01:51:18.510267+00:00,members,96,repidation Productions!) 96 members the official trepidation
2026-09-27T01:51:18.510267+00:00,members,93,Iamcooldudeweee Join 777 93 members We love Gambling $$ \($_
2026-09-27T01:51:18.510267+00:00,members,90,y Catalog Join Cool Gang 90 members Join this group if you a
2026-09-27T01:51:18.510267+00:00,members,87,"in The Omniscient Empire 87 members The Eye Will Provide...
"
2026-09-27T01:51:18.510267+00:00,members,78,erseer Join Luxs Network 78 members this is luxs network :0 
2026-09-27T01:51:18.510267+00:00,members,77,"he Glitched Purple (TGP) 77 members TGP's official group!

t"
2026-09-27T01:51:18.510267+00:00,members,71,X2f By MiaTM Join Gaming 71 members I am Gaming/Itsgaming_AU
2026-09-27T01:51:18.510267+00:00,members,69,aming Join Myth hunters! 69 members Welcome to vortex myth h
2026-09-27T01:51:18.510267+00:00,members,68,kiwi Join Vortex Traders 68 members For all the traders and 
2026-09-27T07:33:29.594489+00:00,members,3465,"xplore groups 770 Vortex 3,465 members This is the official gro"
2026-09-27T07:33:29.594489+00:00,members,2369,"veloper Join Vortex OGs! 2,369 members a group for vortex OGs t"
2026-09-27T07:33:29.594489+00:00,members,500,"
Group Creation - Aug 30
500 Members - Aug 31
1000 Members - "
2026-09-27T07:33:29.594489+00:00,members,1000," 30
500 Members - Aug 31
1000 Members - Sept 2

thanks y'all f"
2026-09-27T07:33:29.594489+00:00,members,2000,"Sept 2

thanks y'all for 2000 members!!!

- - - - - - - - - - "
2026-09-27T07:33:29.594489+00:00,members,984, By tex Join Vortex Devs 984 members if u like coding join th
2026-09-27T07:33:29.594489+00:00,members,692,rrito Join rareusernames 692 members join if u got a rare use
2026-09-27T07:33:29.594489+00:00,members,485,dds them By sin Join KEY 485 members Use Starcode: KEY When P
2026-09-27T07:33:29.594489+00:00,members,300," OF KEY

September 3rd - 300 Members! By Key Join ANTI-ROBLOX"
2026-09-27T07:33:29.594489+00:00,members,445, By Key Join ANTI-ROBLOX 445 members vortexians are better (i
2026-09-27T07:33:29.594489+00:00,members,375,wI Join Rarest Usernames 375 members The OFFICIAL Rare Userna
2026-09-27T07:33:29.594489+00:00,members,345,lade Join Obby Community 345 members A group for if you have 
2026-09-27T07:33:29.594489+00:00,members,277,"! By Koen Join BUSH CLUB 277 members BUSH CLUB FOREVER!!!
The"
2026-09-27T07:33:29.594489+00:00,members,224,in Wire - Volt Giveaways 224 members The Official Vortex grou
2026-09-27T07:33:29.594489+00:00,members,211,rian Join The 2Toneverse 211 members This Is The Official Fan
2026-09-27T07:33:29.594489+00:00,members,182,e Join First 100k Users! 182 members Only first 100k vortex u
2026-09-27T07:33:29.594489+00:00,members,181,camo Join VortexCon 2026 181 members VortexCon is a community
2026-09-27T07:33:29.594489+00:00,members,166,Brainy Join Team Carmine 166 members Join Today! By Carmine J
2026-09-27T07:33:29.594489+00:00,members,140,ficial Vortex News Group 140 members This is the official gro
2026-09-27T07:33:29.594489+00:00,members,139,iny Join Vortex Builders 139 members A Group for Builders By 
2026-09-27T07:33:29.594489+00:00,members,118,y Asmo Join Vortex Mafia 118 members This is the Vortex Mafia
2026-09-27T07:33:29.594489+00:00,members,116,SharpRust Join Car Club! 116 members Join our community! We r
2026-09-27T07:33:29.594489+00:00,members,106,BlockMan Join NameSnipes 106 members The Official NameSnipes 
2026-09-27T07:33:29.594489+00:00,members,104,e Join erik2's wasteland 104 members we are the wastelanders!
2026-09-27T07:33:29.594489+00:00,members,104,res By erik2 Join kostas 104 members kostas By kostas Join Pr
2026-09-27T07:33:29.594489+00:00,members,96,repidation Productions!) 96 members the official trepidation
2026-09-27T07:33:29.594489+00:00,members,93,Iamcooldudeweee Join 777 93 members We love Gambling $$ \($_
2026-09-27T07:33:29.594489+00:00,members,91,y Catalog Join Cool Gang 91 members Join this group if you a
2026-09-27T07:33:29.594489+00:00,members,87,"in The Omniscient Empire 87 members The Eye Will Provide...
"
2026-09-27T07:33:29.594489+00:00,members,82,erseer Join Luxs Network 82 members this is luxs network :0 
2026-09-27T07:33:29.594489+00:00,members,77,"he Glitched Purple (TGP) 77 members TGP's official group!

t"
2026-09-27T07:33:29.594489+00:00,members,71,X2f By MiaTM Join Gaming 71 members I am Gaming/Itsgaming_AU
2026-09-27T07:33:29.594489+00:00,members,69,aming Join Myth hunters! 69 members Welcome to vortex myth h
2026-09-27T07:33:29.594489+00:00,members,68,kiwi Join Vortex Traders 68 members For all the traders and 
2026-09-27T13:18:59.590347+00:00,members,3478,"xplore groups 771 Vortex 3,478 members This is the official gro"
2026-09-27T13:18:59.590347+00:00,members,2385,"veloper Join Vortex OGs! 2,385 members a group for vortex OGs t"
2026-09-27T13:18:59.590347+00:00,members,500,"
Group Creation - Aug 30
500 Members - Aug 31
1000 Members - "
2026-09-27T13:18:59.590347+00:00,members,1000," 30
500 Members - Aug 31
1000 Members - Sept 2

thanks y'all f"
2026-09-27T13:18:59.590347+00:00,members,2000,"Sept 2

thanks y'all for 2000 members!!!

- - - - - - - - - - "
2026-09-27T13:18:59.590347+00:00,members,987, By tex Join Vortex Devs 987 members if u like coding join th
2026-09-27T13:18:59.590347+00:00,members,699,rrito Join rareusernames 699 members join if u got a rare use
2026-09-27T13:18:59.590347+00:00,members,486,dds them By sin Join KEY 486 members Use Starcode: KEY When P
2026-09-27T13:18:59.590347+00:00,members,300," OF KEY

September 3rd - 300 Members! By Key Join ANTI-ROBLOX"
2026-09-27T13:18:59.590347+00:00,members,447, By Key Join ANTI-ROBLOX 447 members vortexians are better (i
2026-09-27T13:18:59.590347+00:00,members,380,wI Join Rarest Usernames 380 members The OFFICIAL Rare Userna
2026-09-27T13:18:59.590347+00:00,members,346,lade Join Obby Community 346 members A group for if you have 
2026-09-27T13:18:59.590347+00:00,members,279,"! By Koen Join BUSH CLUB 279 members BUSH CLUB FOREVER!!!
The"
2026-09-27T13:18:59.590347+00:00,members,224,in Wire - Volt Giveaways 224 members The Official Vortex grou
2026-09-27T13:18:59.590347+00:00,members,211,rian Join The 2Toneverse 211 members This Is The Official Fan
2026-09-27T13:18:59.590347+00:00,members,188,e Join First 100k Users! 188 members Only first 100k vortex u
2026-09-27T13:18:59.590347+00:00,members,181,camo Join VortexCon 2026 181 members VortexCon is a community
2026-09-27T13:18:59.590347+00:00,members,166,Brainy Join Team Carmine 166 members Join Today! By Carmine J
2026-09-27T13:18:59.590347+00:00,members,140,ficial Vortex News Group 140 members This is the official gro
2026-09-27T13:18:59.590347+00:00,members,140,iny Join Vortex Builders 140 members A Group for Builders By 
2026-09-27T13:18:59.590347+00:00,members,121,y Asmo Join Vortex Mafia 121 members This is the Vortex Mafia
2026-09-27T13:18:59.590347+00:00,members,116,SharpRust Join Car Club! 116 members Join our community! We r
2026-09-27T13:18:59.590347+00:00,members,105,BlockMan Join NameSnipes 105 members The Official NameSnipes 
2026-09-27T13:18:59.590347+00:00,members,104,e Join erik2's wasteland 104 members we are the wastelanders!
2026-09-27T13:18:59.590347+00:00,members,104,res By erik2 Join kostas 104 members kostas By kostas Join Pr
2026-09-27T13:18:59.590347+00:00,members,96,repidation Productions!) 96 members the official trepidation
2026-09-27T13:18:59.590347+00:00,members,93,Iamcooldudeweee Join 777 93 members We love Gambling $$ \($_
2026-09-27T13:18:59.590347+00:00,members,91,y Catalog Join Cool Gang 91 members Join this group if you a
2026-09-27T13:18:59.590347+00:00,members,87,"in The Omniscient Empire 87 members The Eye Will Provide...
"
2026-09-27T13:18:59.590347+00:00,members,82,erseer Join Luxs Network 82 members this is luxs network :0 
2026-09-27T13:18:59.590347+00:00,members,78,"he Glitched Purple (TGP) 78 members TGP's official group!

t"
2026-09-27T13:18:59.590347+00:00,members,71,X2f By MiaTM Join Gaming 71 members I am Gaming/Itsgaming_AU
2026-09-27T13:18:59.590347+00:00,members,69,aming Join Myth hunters! 69 members Welcome to vortex myth h
2026-09-27T13:18:59.590347+00:00,members,68,kiwi Join Vortex Traders 68 members For all the traders and 
2026-09-27T17:53:34.842653+00:00,members,3491,"xplore groups 770 Vortex 3,491 members This is the official gro"
2026-09-27T17:53:34.842653+00:00,members,2396,"veloper Join Vortex OGs! 2,396 members a group for vortex OGs t"
2026-09-27T17:53:34.842653+00:00,members,500,"
Group Creation - Aug 30
500 Members - Aug 31
1000 Members - "
2026-09-27T17:53:34.842653+00:00,members,1000," 30
500 Members - Aug 31
1000 Members - Sept 2

thanks y'all f"
2026-09-27T17:53:34.842653+00:00,members,2000,"Sept 2

thanks y'all for 2000 members!!!

- - - - - - - - - - "
2026-09-27T17:53:34.842653+00:00,members,990, By tex Join Vortex Devs 990 members if u like coding join th
2026-09-27T17:53:34.842653+00:00,members,701,rrito Join rareusernames 701 members join if u got a rare use
2026-09-27T17:53:34.842653+00:00,members,487,dds them By sin Join KEY 487 members Use Starcode: KEY When P
2026-09-27T17:53:34.842653+00:00,members,300," OF KEY

September 3rd - 300 Members! By Key Join ANTI-ROBLOX"
2026-09-27T17:53:34.842653+00:00,members,449, By Key Join ANTI-ROBLOX 449 members vortexians are better (i
2026-09-27T17:53:34.842653+00:00,members,381,wI Join Rarest Usernames 381 members The OFFICIAL Rare Userna
2026-09-27T17:53:34.842653+00:00,members,347,lade Join Obby Community 347 members A group for if you have 
2026-09-27T17:53:34.842653+00:00,members,280,"! By Koen Join BUSH CLUB 280 members BUSH CLUB FOREVER!!!
The"
2026-09-27T17:53:34.842653+00:00,members,224,in Wire - Volt Giveaways 224 members The Official Vortex grou
2026-09-27T17:53:34.842653+00:00,members,211,rian Join The 2Toneverse 211 members This Is The Official Fan
2026-09-27T17:53:34.842653+00:00,members,191,e Join First 100k Users! 191 members Only first 100k vortex u
2026-09-27T17:53:34.842653+00:00,members,182,camo Join VortexCon 2026 182 members VortexCon is a community
2026-09-27T17:53:34.842653+00:00,members,166,Brainy Join Team Carmine 166 members Join Today! By Carmine J
2026-09-27T17:53:34.842653+00:00,members,141,ficial Vortex News Group 141 members This is the official gro
2026-09-27T17:53:34.842653+00:00,members,140,iny Join Vortex Builders 140 members A Group for Builders By 
2026-09-27T17:53:34.842653+00:00,members,123,y Asmo Join Vortex Mafia 123 members This is the Vortex Mafia
2026-09-27T17:53:34.842653+00:00,members,116,SharpRust Join Car Club! 116 members Join our community! We r
2026-09-27T17:53:34.842653+00:00,members,105,BlockMan Join NameSnipes 105 members The Official NameSnipes 
2026-09-27T17:53:34.842653+00:00,members,104,e Join erik2's wasteland 104 members we are the wastelanders!
2026-09-27T17:53:34.842653+00:00,members,104,res By erik2 Join kostas 104 members kostas By kostas Join Pr
2026-09-27T17:53:34.842653+00:00,members,96,repidation Productions!) 96 members the official trepidation
2026-09-27T17:53:34.842653+00:00,members,94,Iamcooldudeweee Join 777 94 members We love Gambling $$ \($_
2026-09-27T17:53:34.842653+00:00,members,92,y Catalog Join Cool Gang 92 members Join this group if you a
2026-09-27T17:53:34.842653+00:00,members,87,"in The Omniscient Empire 87 members The Eye Will Provide...
"
2026-09-27T17:53:34.842653+00:00,members,84,erseer Join Luxs Network 84 members this is luxs network :0 
2026-09-27T17:53:34.842653+00:00,members,78,"he Glitched Purple (TGP) 78 members TGP's official group!

t"
2026-09-27T17:53:34.842653+00:00,members,71,X2f By MiaTM Join Gaming 71 members I am Gaming/Itsgaming_AU
2026-09-27T17:53:34.842653+00:00,members,69,aming Join Myth hunters! 69 members Welcome to vortex myth h
2026-09-27T17:53:34.842653+00:00,members,69,kiwi Join Vortex Traders 69 members For all the traders and 
2026-09-27T20:49:37.394763+00:00,members,3497,"xplore groups 772 Vortex 3,497 members This is the official gro"
2026-09-27T20:49:37.394763+00:00,members,2404,"veloper Join Vortex OGs! 2,404 members a group for vortex OGs t"
2026-09-27T20:49:37.394763+00:00,members,500,"
Group Creation - Aug 30
500 Members - Aug 31
1000 Members - "
2026-09-27T20:49:37.394763+00:00,members,1000," 30
500 Members - Aug 31
1000 Members - Sept 2

thanks y'all f"
2026-09-27T20:49:37.394763+00:00,members,2000,"Sept 2

thanks y'all for 2000 members!!!

- - - - - - - - - - "
2026-09-27T20:49:37.394763+00:00,members,993, By tex Join Vortex Devs 993 members if u like coding join th
2026-09-27T20:49:37.394763+00:00,members,703,rrito Join rareusernames 703 members join if u got a rare use
2026-09-27T20:49:37.394763+00:00,members,487,dds them By sin Join KEY 487 members Use Starcode: KEY When P
2026-09-27T20:49:37.394763+00:00,members,300," OF KEY

September 3rd - 300 Members! By Key Join ANTI-ROBLOX"
2026-09-27T20:49:37.394763+00:00,members,451, By Key Join ANTI-ROBLOX 451 members vortexians are better (i
2026-09-27T20:49:37.394763+00:00,members,385,wI Join Rarest Usernames 385 members The OFFICIAL Rare Userna
2026-09-27T20:49:37.394763+00:00,members,347,lade Join Obby Community 347 members A group for if you have 
2026-09-27T20:49:37.394763+00:00,members,280,"! By Koen Join BUSH CLUB 280 members BUSH CLUB FOREVER!!!
The"
2026-09-27T20:49:37.394763+00:00,members,225,in Wire - Volt Giveaways 225 members The Official Vortex grou
2026-09-27T20:49:37.394763+00:00,members,211,rian Join The 2Toneverse 211 members This Is The Official Fan
2026-09-27T20:49:37.394763+00:00,members,195,e Join First 100k Users! 195 members Only first 100k vortex u
2026-09-27T20:49:37.394763+00:00,members,183,camo Join VortexCon 2026 183 members VortexCon is a community
2026-09-27T20:49:37.394763+00:00,members,166,Brainy Join Team Carmine 166 members Join Today! By Carmine J
2026-09-27T20:49:37.394763+00:00,members,141,ficial Vortex News Group 141 members This is the official gro
2026-09-27T20:49:37.394763+00:00,members,140,iny Join Vortex Builders 140 members A Group for Builders By 
2026-09-27T20:49:37.394763+00:00,members,123,y Asmo Join Vortex Mafia 123 members This is the Vortex Mafia
2026-09-27T20:49:37.394763+00:00,members,116,SharpRust Join Car Club! 116 members Join our community! We r
2026-09-27T20:49:37.394763+00:00,members,107,BlockMan Join NameSnipes 107 members The Official NameSnipes 
2026-09-27T20:49:37.394763+00:00,members,104,e Join erik2's wasteland 104 members we are the wastelanders!
2026-09-27T20:49:37.394763+00:00,members,104,res By erik2 Join kostas 104 members kostas By kostas Join Pr
2026-09-27T20:49:37.394763+00:00,members,96,repidation Productions!) 96 members the official trepidation
2026-09-27T20:49:37.394763+00:00,members,94,Iamcooldudeweee Join 777 94 members We love Gambling $$ \($_
2026-09-27T20:49:37.394763+00:00,members,92,y Catalog Join Cool Gang 92 members Join this group if you a
2026-09-27T20:49:37.394763+00:00,members,87,"in The Omniscient Empire 87 members The Eye Will Provide...
"
2026-09-27T20:49:37.394763+00:00,members,84,erseer Join Luxs Network 84 members this is luxs network :0 
2026-09-27T20:49:37.394763+00:00,members,78,"he Glitched Purple (TGP) 78 members TGP's official group!

t"
2026-09-27T20:49:37.394763+00:00,members,71,X2f By MiaTM Join Gaming 71 members I am Gaming/Itsgaming_AU
2026-09-27T20:49:37.394763+00:00,members,69,aming Join Myth hunters! 69 members Welcome to vortex myth h
2026-09-27T20:49:37.394763+00:00,members,69,kiwi Join Vortex Traders 69 members For all the traders and 
2026-09-27T23:36:52.075807+00:00,members,3504,"xplore groups 773 Vortex 3,504 members This is the official gro"
2026-09-27T23:36:52.075807+00:00,members,2409,"veloper Join Vortex OGs! 2,409 members a group for vortex OGs t"
2026-09-27T23:36:52.075807+00:00,members,500,"
Group Creation - Aug 30
500 Members - Aug 31
1000 Members - "
2026-09-27T23:36:52.075807+00:00,members,1000," 30
500 Members - Aug 31
1000 Members - Sept 2

thanks y'all f"
2026-09-27T23:36:52.075807+00:00,members,2000,"Sept 2

thanks y'all for 2000 members!!!

- - - - - - - - - - "
2026-09-27T23:36:52.075807+00:00,members,994, By tex Join Vortex Devs 994 members if u like coding join th
2026-09-27T23:36:52.075807+00:00,members,705,rrito Join rareusernames 705 members join if u got a rare use
2026-09-27T23:36:52.075807+00:00,members,487,dds them By sin Join KEY 487 members Use Starcode: KEY When P
2026-09-27T23:36:52.075807+00:00,members,300," OF KEY

September 3rd - 300 Members! By Key Join ANTI-ROBLOX"
2026-09-27T23:36:52.075807+00:00,members,452, By Key Join ANTI-ROBLOX 452 members vortexians are better (i
2026-09-27T23:36:52.075807+00:00,members,387,wI Join Rarest Usernames 387 members The OFFICIAL Rare Userna
2026-09-27T23:36:52.075807+00:00,members,347,lade Join Obby Community 347 members A group for if you have 
2026-09-27T23:36:52.075807+00:00,members,280,"! By Koen Join BUSH CLUB 280 members BUSH CLUB FOREVER!!!
The"
2026-09-27T23:36:52.075807+00:00,members,225,in Wire - Volt Giveaways 225 members The Official Vortex grou
2026-09-27T23:36:52.075807+00:00,members,211,rian Join The 2Toneverse 211 members This Is The Official Fan
2026-09-27T23:36:52.075807+00:00,members,196,e Join First 100k Users! 196 members Only first 100k vortex u
2026-09-27T23:36:52.075807+00:00,members,183,camo Join VortexCon 2026 183 members VortexCon is a community
2026-09-27T23:36:52.075807+00:00,members,166,Brainy Join Team Carmine 166 members Join Today! By Carmine J
2026-09-27T23:36:52.075807+00:00,members,141,ficial Vortex News Group 141 members This is the official gro
2026-09-27T23:36:52.075807+00:00,members,141,iny Join Vortex Builders 141 members A Group for Builders By 
2026-09-27T23:36:52.075807+00:00,members,125,y Asmo Join Vortex Mafia 125 members This is the Vortex Mafia
2026-09-27T23:36:52.075807+00:00,members,116,SharpRust Join Car Club! 116 members Join our community! We r
2026-09-27T23:36:52.075807+00:00,members,107,BlockMan Join NameSnipes 107 members The Official NameSnipes 
2026-09-27T23:36:52.075807+00:00,members,104,e Join erik2's wasteland 104 members we are the wastelanders!
2026-09-27T23:36:52.075807+00:00,members,104,res By erik2 Join kostas 104 members kostas By kostas Join Pr
2026-09-27T23:36:52.075807+00:00,members,96,repidation Productions!) 96 members the official trepidation
2026-09-27T23:36:52.075807+00:00,members,94,Iamcooldudeweee Join 777 94 members We love Gambling $$ \($_
2026-09-27T23:36:52.075807+00:00,members,92,y Catalog Join Cool Gang 92 members Join this group if you a
2026-09-27T23:36:52.075807+00:00,members,87,"in The Omniscient Empire 87 members The Eye Will Provide...
"
2026-09-27T23:36:52.075807+00:00,members,85,erseer Join Luxs Network 85 members this is luxs network :0 
2026-09-27T23:36:52.075807+00:00,members,78,"he Glitched Purple (TGP) 78 members TGP's official group!

t"
2026-09-27T23:36:52.075807+00:00,members,71,X2f By MiaTM Join Gaming 71 members I am Gaming/Itsgaming_AU
2026-09-27T23:36:52.075807+00:00,members,69,aming Join Myth hunters! 69 members Welcome to vortex myth h
2026-09-27T23:36:52.075807+00:00,members,69,kiwi Join Vortex Traders 69 members For all the traders and 
2026-09-28T01:59:30.877253+00:00,members,3509,"xplore groups 773 Vortex 3,509 members This is the official gro"
2026-09-28T01:59:30.877253+00:00,members,2417,"veloper Join Vortex OGs! 2,417 members a group for vortex OGs t"
2026-09-28T01:59:30.877253+00:00,members,500,"
Group Creation - Aug 30
500 Members - Aug 31
1000 Members - "
2026-09-28T01:59:30.877253+00:00,members,1000," 30
500 Members - Aug 31
1000 Members - Sept 2

thanks y'all f"
2026-09-28T01:59:30.877253+00:00,members,2000,"Sept 2

thanks y'all for 2000 members!!!

- - - - - - - - - - "
2026-09-28T01:59:30.877253+00:00,members,996, By tex Join Vortex Devs 996 members if u like coding join th
2026-09-28T01:59:30.877253+00:00,members,708,rrito Join rareusernames 708 members join if u got a rare use
2026-09-28T01:59:30.877253+00:00,members,487,dds them By sin Join KEY 487 members Use Starcode: KEY When P
2026-09-28T01:59:30.877253+00:00,members,300," OF KEY

September 3rd - 300 Members! By Key Join ANTI-ROBLOX"
2026-09-28T01:59:30.877253+00:00,members,453, By Key Join ANTI-ROBLOX 453 members vortexians are better (i
2026-09-28T01:59:30.877253+00:00,members,394,wI Join Rarest Usernames 394 members The OFFICIAL Rare Userna
2026-09-28T01:59:30.877253+00:00,members,349,lade Join Obby Community 349 members A group for if you have 
2026-09-28T01:59:30.877253+00:00,members,280,"! By Koen Join BUSH CLUB 280 members BUSH CLUB FOREVER!!!
The"
2026-09-28T01:59:30.877253+00:00,members,225,in Wire - Volt Giveaways 225 members The Official Vortex grou
2026-09-28T01:59:30.877253+00:00,members,211,rian Join The 2Toneverse 211 members This Is The Official Fan
2026-09-28T01:59:30.877253+00:00,members,199,e Join First 100k Users! 199 members Only first 100k vortex u
2026-09-28T01:59:30.877253+00:00,members,183,camo Join VortexCon 2026 183 members VortexCon is a community
2026-09-28T01:59:30.877253+00:00,members,166,Brainy Join Team Carmine 166 members Join Today! By Carmine J
2026-09-28T01:59:30.877253+00:00,members,142,ficial Vortex News Group 142 members This is the official gro
2026-09-28T01:59:30.877253+00:00,members,141,iny Join Vortex Builders 141 members A Group for Builders By 
2026-09-28T01:59:30.877253+00:00,members,125,y Asmo Join Vortex Mafia 125 members This is the Vortex Mafia
2026-09-28T01:59:30.877253+00:00,members,116,SharpRust Join Car Club! 116 members Join our community! We r
2026-09-28T01:59:30.877253+00:00,members,107,BlockMan Join NameSnipes 107 members The Official NameSnipes 
2026-09-28T01:59:30.877253+00:00,members,104,e Join erik2's wasteland 104 members we are the wastelanders!
2026-09-28T01:59:30.877253+00:00,members,104,res By erik2 Join kostas 104 members kostas By kostas Join Pr
2026-09-28T01:59:30.877253+00:00,members,96,repidation Productions!) 96 members the official trepidation
2026-09-28T01:59:30.877253+00:00,members,94,Iamcooldudeweee Join 777 94 members We love Gambling $$ \($_
2026-09-28T01:59:30.877253+00:00,members,92,y Catalog Join Cool Gang 92 members Join this group if you a
2026-09-28T01:59:30.877253+00:00,members,87,"in The Omniscient Empire 87 members The Eye Will Provide...
"
2026-09-28T01:59:30.877253+00:00,members,85,erseer Join Luxs Network 85 members this is luxs network :0 
2026-09-28T01:59:30.877253+00:00,members,78,"he Glitched Purple (TGP) 78 members TGP's official group!

t"
2026-09-28T01:59:30.877253+00:00,members,71,X2f By MiaTM Join Gaming 71 members I am Gaming/Itsgaming_AU
2026-09-28T01:59:30.877253+00:00,members,69,aming Join Myth hunters! 69 members Welcome to vortex myth h
2026-09-28T01:59:30.877253+00:00,members,69,kiwi Join Vortex Traders 69 members For all the traders and 
2026-09-28T08:34:21.504049+00:00,members,3521,"xplore groups 773 Vortex 3,521 members This is the official gro"
2026-09-28T08:34:21.504049+00:00,members,2426,"veloper Join Vortex OGs! 2,426 members a group for vortex OGs t"
2026-09-28T08:34:21.504049+00:00,members,500,"
Group Creation - Aug 30
500 Members - Aug 31
1000 Members - "
2026-09-28T08:34:21.504049+00:00,members,1000," 30
500 Members - Aug 31
1000 Members - Sept 2

thanks y'all f"
2026-09-28T08:34:21.504049+00:00,members,2000,"Sept 2

thanks y'all for 2000 members!!!

- - - - - - - - - - "
2026-09-28T08:34:21.504049+00:00,members,1004," By tex Join Vortex Devs 1,004 members if u like coding join th"
2026-09-28T08:34:21.504049+00:00,members,716,rrito Join rareusernames 716 members join if u got a rare use
2026-09-28T08:34:21.504049+00:00,members,487,dds them By sin Join KEY 487 members Use Starcode: KEY When P
2026-09-28T08:34:21.504049+00:00,members,300," OF KEY

September 3rd - 300 Members! By Key Join ANTI-ROBLOX"
2026-09-28T08:34:21.504049+00:00,members,456, By Key Join ANTI-ROBLOX 456 members vortexians are better (i
2026-09-28T08:34:21.504049+00:00,members,400,wI Join Rarest Usernames 400 members The OFFICIAL Rare Userna
2026-09-28T08:34:21.504049+00:00,members,352,lade Join Obby Community 352 members A group for if you have 
2026-09-28T08:34:21.504049+00:00,members,280,"! By Koen Join BUSH CLUB 280 members BUSH CLUB FOREVER!!!
The"
2026-09-28T08:34:21.504049+00:00,members,225,in Wire - Volt Giveaways 225 members The Official Vortex grou
2026-09-28T08:34:21.504049+00:00,members,211,rian Join The 2Toneverse 211 members This Is The Official Fan
2026-09-28T08:34:21.504049+00:00,members,203,e Join First 100k Users! 203 members Only first 100k vortex u
2026-09-28T08:34:21.504049+00:00,members,184,camo Join VortexCon 2026 184 members VortexCon is a community
2026-09-28T08:34:21.504049+00:00,members,167,Brainy Join Team Carmine 167 members Join Today! By Carmine J
2026-09-28T08:34:21.504049+00:00,members,145,ficial Vortex News Group 145 members This is the official gro
2026-09-28T08:34:21.504049+00:00,members,142,iny Join Vortex Builders 142 members A Group for Builders By 
2026-09-28T08:34:21.504049+00:00,members,126,y Asmo Join Vortex Mafia 126 members This is the Vortex Mafia
2026-09-28T08:34:21.504049+00:00,members,116,SharpRust Join Car Club! 116 members Join our community! We r
2026-09-28T08:34:21.504049+00:00,members,108,BlockMan Join NameSnipes 108 members The Official NameSnipes 
2026-09-28T08:34:21.504049+00:00,members,104,e Join erik2's wasteland 104 members we are the wastelanders!
2026-09-28T08:34:21.504049+00:00,members,104,res By erik2 Join kostas 104 members kostas By kostas Join Pr
2026-09-28T08:34:21.504049+00:00,members,96,repidation Productions!) 96 members the official trepidation
2026-09-28T08:34:21.504049+00:00,members,95,Iamcooldudeweee Join 777 95 members We love Gambling $$ \($_
2026-09-28T08:34:21.504049+00:00,members,93,y Catalog Join Cool Gang 93 members Join this group if you a
2026-09-28T08:34:21.504049+00:00,members,87,"in The Omniscient Empire 87 members The Eye Will Provide...
"
2026-09-28T08:34:21.504049+00:00,members,85,erseer Join Luxs Network 85 members this is luxs network :0 
2026-09-28T08:34:21.504049+00:00,members,78,"he Glitched Purple (TGP) 78 members TGP's official group!

t"
2026-09-28T08:34:21.504049+00:00,members,71,X2f By MiaTM Join Gaming 71 members I am Gaming/Itsgaming_AU
2026-09-28T08:34:21.504049+00:00,members,69,aming Join Myth hunters! 69 members Welcome to vortex myth h
2026-09-28T08:34:21.504049+00:00,members,69,kiwi Join Vortex Traders 69 members For all the traders and 
2026-09-28T17:01:36.690988+00:00,members,3535,"xplore groups 782 Vortex 3,535 members This is the official gro"
2026-09-28T17:01:36.690988+00:00,members,2437,"veloper Join Vortex OGs! 2,437 members a group for vortex OGs t"
2026-09-28T17:01:36.690988+00:00,members,500,"
Group Creation - Aug 30
500 Members - Aug 31
1000 Members - "
2026-09-28T17:01:36.690988+00:00,members,1000," 30
500 Members - Aug 31
1000 Members - Sept 2

thanks y'all f"
2026-09-28T17:01:36.690988+00:00,members,2000,"Sept 2

thanks y'all for 2000 members!!!

- - - - - - - - - - "
2026-09-28T17:01:36.690988+00:00,members,1008," By tex Join Vortex Devs 1,008 members if u like coding join th"
2026-09-28T17:01:36.690988+00:00,members,721,rrito Join rareusernames 721 members join if u got a rare use
2026-09-28T17:01:36.690988+00:00,members,487,dds them By sin Join KEY 487 members Use Starcode: KEY When P
2026-09-28T17:01:36.690988+00:00,members,300," OF KEY

September 3rd - 300 Members! By Key Join ANTI-ROBLOX"
2026-09-28T17:01:36.690988+00:00,members,462, By Key Join ANTI-ROBLOX 462 members vortexians are better (i
2026-09-28T17:01:36.690988+00:00,members,407,wI Join Rarest Usernames 407 members The OFFICIAL Rare Userna
2026-09-28T17:01:36.690988+00:00,members,353,lade Join Obby Community 353 members A group for if you have 
2026-09-28T17:01:36.690988+00:00,members,280,"! By Koen Join BUSH CLUB 280 members BUSH CLUB FOREVER!!!
The"
2026-09-28T17:01:36.690988+00:00,members,226,in Wire - Volt Giveaways 226 members The Official Vortex grou
2026-09-28T17:01:36.690988+00:00,members,213,rian Join The 2Toneverse 213 members This Is The Official Fan
2026-09-28T17:01:36.690988+00:00,members,205,e Join First 100k Users! 205 members Only first 100k vortex u
2026-09-28T17:01:36.690988+00:00,members,185,camo Join VortexCon 2026 185 members VortexCon is a community
2026-09-28T17:01:36.690988+00:00,members,167,Brainy Join Team Carmine 167 members Join Today! By Carmine J
2026-09-28T17:01:36.690988+00:00,members,145,ficial Vortex News Group 145 members This is the official gro
2026-09-28T17:01:36.690988+00:00,members,142,iny Join Vortex Builders 142 members A Group for Builders By 
2026-09-28T17:01:36.690988+00:00,members,128,y Asmo Join Vortex Mafia 128 members This is the Vortex Mafia
2026-09-28T17:01:36.690988+00:00,members,116,SharpRust Join Car Club! 116 members Join our community! We r
2026-09-28T17:01:36.690988+00:00,members,108,BlockMan Join NameSnipes 108 members The Official NameSnipes 
2026-09-28T17:01:36.690988+00:00,members,105,23) By blade Join kostas 105 members kostas By kostas Join er
2026-09-28T17:01:36.690988+00:00,members,104,s Join erik2's wasteland 104 members we are the wastelanders!
2026-09-28T17:01:36.690988+00:00,members,97,repidation Productions!) 97 members the official trepidation
2026-09-28T17:01:36.690988+00:00,members,95,Iamcooldudeweee Join 777 95 members We love Gambling $$ \($_
2026-09-28T17:01:36.690988+00:00,members,93,y Catalog Join Cool Gang 93 members Join this group if you a
2026-09-28T17:01:36.690988+00:00,members,87,"in The Omniscient Empire 87 members The Eye Will Provide...
"
2026-09-28T17:01:36.690988+00:00,members,85,erseer Join Luxs Network 85 members this is luxs network :0 
2026-09-28T17:01:36.690988+00:00,members,78,"he Glitched Purple (TGP) 78 members TGP's official group!

t"
2026-09-28T17:01:36.690988+00:00,members,72,X2f By MiaTM Join Gaming 72 members I am Gaming/Itsgaming_AU
2026-09-28T17:01:36.690988+00:00,members,69,aming Join Myth hunters! 69 members Welcome to vortex myth h
2026-09-28T17:01:36.690988+00:00,members,69,kiwi Join Vortex Traders 69 members For all the traders and 
2026-09-28T22:32:53.031172+00:00,members,3545,"xplore groups 782 Vortex 3,545 members This is the official gro"
2026-09-28T22:32:53.031172+00:00,members,2443,"veloper Join Vortex OGs! 2,443 members a group for vortex OGs t"
2026-09-28T22:32:53.031172+00:00,members,500,"
Group Creation - Aug 30
500 Members - Aug 31
1000 Members - "
2026-09-28T22:32:53.031172+00:00,members,1000," 30
500 Members - Aug 31
1000 Members - Sept 2

wow we're almo"
2026-09-28T22:32:53.031172+00:00,members,2500,"2

wow we're almost at a 2,500 members!!! thanks so much everyo"
2026-09-28T22:32:53.031172+00:00,members,1011," By tex Join Vortex Devs 1,011 members if u like coding join th"
2026-09-28T22:32:53.031172+00:00,members,725,rrito Join rareusernames 725 members join if u got a rare use
2026-09-28T22:32:53.031172+00:00,members,487,dds them By sin Join KEY 487 members Use Starcode: KEY When P
2026-09-28T22:32:53.031172+00:00,members,300," OF KEY

September 3rd - 300 Members! By Key Join ANTI-ROBLOX"
2026-09-28T22:32:53.031172+00:00,members,464, By Key Join ANTI-ROBLOX 464 members vortexians are better (i
2026-09-28T22:32:53.031172+00:00,members,413,wI Join Rarest Usernames 413 members The OFFICIAL Rare Userna
2026-09-28T22:32:53.031172+00:00,members,355,lade Join Obby Community 355 members A group for if you have 
2026-09-28T22:32:53.031172+00:00,members,280,"! By Koen Join BUSH CLUB 280 members BUSH CLUB FOREVER!!!
The"
2026-09-28T22:32:53.031172+00:00,members,227,in Wire - Volt Giveaways 227 members The Official Vortex grou
2026-09-28T22:32:53.031172+00:00,members,213,rian Join The 2Toneverse 213 members This Is The Official Fan
2026-09-28T22:32:53.031172+00:00,members,210,e Join First 100k Users! 210 members Only first 100k vortex u
2026-09-28T22:32:53.031172+00:00,members,186,camo Join VortexCon 2026 186 members VortexCon is a community
2026-09-28T22:32:53.031172+00:00,members,167,Brainy Join Team Carmine 167 members Join Today! By Carmine J
2026-09-28T22:32:53.031172+00:00,members,145,ficial Vortex News Group 145 members This is the official gro
2026-09-28T22:32:53.031172+00:00,members,142,iny Join Vortex Builders 142 members A Group for Builders By 
2026-09-28T22:32:53.031172+00:00,members,128,y Asmo Join Vortex Mafia 128 members This is the Vortex Mafia
2026-09-28T22:32:53.031172+00:00,members,116,SharpRust Join Car Club! 116 members Join our community! We r
2026-09-28T22:32:53.031172+00:00,members,109,BlockMan Join NameSnipes 109 members The Official NameSnipes 
2026-09-28T22:32:53.031172+00:00,members,105,23) By blade Join kostas 105 members kostas By kostas Join er
2026-09-28T22:32:53.031172+00:00,members,104,s Join erik2's wasteland 104 members we are the wastelanders!
2026-09-28T22:32:53.031172+00:00,members,97,repidation Productions!) 97 members the official trepidation
2026-09-28T22:32:53.031172+00:00,members,95,Iamcooldudeweee Join 777 95 members We love Gambling $$ \($_
2026-09-28T22:32:53.031172+00:00,members,93,y Catalog Join Cool Gang 93 members Join this group if you a
2026-09-28T22:32:53.031172+00:00,members,87,"in The Omniscient Empire 87 members The Eye Will Provide...
"
2026-09-28T22:32:53.031172+00:00,members,86,erseer Join Luxs Network 86 members this is luxs network :0 
2026-09-28T22:32:53.031172+00:00,members,78,"he Glitched Purple (TGP) 78 members TGP's official group!

t"
2026-09-28T22:32:53.031172+00:00,members,72,X2f By MiaTM Join Gaming 72 members I am Gaming/Itsgaming_AU
2026-09-28T22:32:53.031172+00:00,members,69,aming Join Myth hunters! 69 members Welcome to vortex myth h
2026-09-28T22:32:53.031172+00:00,members,69,kiwi Join Vortex Traders 69 members For all the traders and 
2026-09-29T02:19:12.802902+00:00,members,3547,"xplore groups 782 Vortex 3,547 members This is the official gro"
2026-09-29T02:19:12.802902+00:00,members,2450,"veloper Join Vortex OGs! 2,450 members a group for vortex OGs t"
2026-09-29T02:19:12.802902+00:00,members,500,"
Group Creation - Aug 30
500 Members - Aug 31
1000 Members - "
2026-09-29T02:19:12.802902+00:00,members,1000," 30
500 Members - Aug 31
1000 Members - Sept 2

wow we're almo"
2026-09-29T02:19:12.802902+00:00,members,2500,"2

wow we're almost at a 2,500 members!!! thanks so much everyo"
2026-09-29T02:19:12.802902+00:00,members,1011," By tex Join Vortex Devs 1,011 members if u like coding join th"
2026-09-29T02:19:12.802902+00:00,members,725,rrito Join rareusernames 725 members join if u got a rare use
2026-09-29T02:19:12.802902+00:00,members,487,dds them By sin Join KEY 487 members Use Starcode: KEY When P
2026-09-29T02:19:12.802902+00:00,members,300," OF KEY

September 3rd - 300 Members! By Key Join ANTI-ROBLOX"
2026-09-29T02:19:12.802902+00:00,members,465, By Key Join ANTI-ROBLOX 465 members vortexians are better (i
2026-09-29T02:19:12.802902+00:00,members,414,wI Join Rarest Usernames 414 members The OFFICIAL Rare Userna
2026-09-29T02:19:12.802902+00:00,members,356,lade Join Obby Community 356 members A group for if you have 
2026-09-29T02:19:12.802902+00:00,members,280,"! By Koen Join BUSH CLUB 280 members BUSH CLUB FOREVER!!!
The"
2026-09-29T02:19:12.802902+00:00,members,227,in Wire - Volt Giveaways 227 members The Official Vortex grou
2026-09-29T02:19:12.802902+00:00,members,213,rian Join The 2Toneverse 213 members This Is The Official Fan
2026-09-29T02:19:12.802902+00:00,members,211,e Join First 100k Users! 211 members Only first 100k vortex u
2026-09-29T02:19:12.802902+00:00,members,186,camo Join VortexCon 2026 186 members VortexCon is a community
2026-09-29T02:19:12.802902+00:00,members,167,Brainy Join Team Carmine 167 members Join Today! By Carmine J
2026-09-29T02:19:12.802902+00:00,members,147,ficial Vortex News Group 147 members This is the official gro
2026-09-29T02:19:12.802902+00:00,members,142,iny Join Vortex Builders 142 members A Group for Builders By 
2026-09-29T02:19:12.802902+00:00,members,128,y Asmo Join Vortex Mafia 128 members This is the Vortex Mafia
2026-09-29T02:19:12.802902+00:00,members,116,SharpRust Join Car Club! 116 members Join our community! We r
2026-09-29T02:19:12.802902+00:00,members,109,BlockMan Join NameSnipes 109 members The Official NameSnipes 
2026-09-29T02:19:12.802902+00:00,members,105,e Join erik2's wasteland 105 members we are the wastelanders!
2026-09-29T02:19:12.802902+00:00,members,105,res By erik2 Join kostas 105 members kostas By kostas Join Pr
2026-09-29T02:19:12.802902+00:00,members,97,repidation Productions!) 97 members the official trepidation
2026-09-29T02:19:12.802902+00:00,members,95,Iamcooldudeweee Join 777 95 members We love Gambling $$ \($_
2026-09-29T02:19:12.802902+00:00,members,93,y Catalog Join Cool Gang 93 members Join this group if you a
2026-09-29T02:19:12.802902+00:00,members,87,"in The Omniscient Empire 87 members The Eye Will Provide...
"
2026-09-29T02:19:12.802902+00:00,members,86,erseer Join Luxs Network 86 members this is luxs network :0 
2026-09-29T02:19:12.802902+00:00,members,78,"he Glitched Purple (TGP) 78 members TGP's official group!

t"
2026-09-29T02:19:12.802902+00:00,members,72,X2f By MiaTM Join Gaming 72 members I am Gaming/Itsgaming_AU
2026-09-29T02:19:12.802902+00:00,members,71,ming Join Vortex Traders 71 members For all the traders and 
2026-09-29T02:19:12.802902+00:00,members,69, Hype Join Myth hunters! 69 members Welcome to vortex myth h
2026-09-29T08:50:51.538104+00:00,members,3550,"xplore groups 784 Vortex 3,550 members This is the official gro"
2026-09-29T08:50:51.538104+00:00,members,2455,"veloper Join Vortex OGs! 2,455 members a group for vortex OGs t"
2026-09-29T08:50:51.538104+00:00,members,500,"
Group Creation - Aug 30
500 Members - Aug 31
1000 Members - "
2026-09-29T08:50:51.538104+00:00,members,1000," 30
500 Members - Aug 31
1000 Members - Sept 2

wow we're almo"
2026-09-29T08:50:51.538104+00:00,members,2500,"2

wow we're almost at a 2,500 members!!! thanks so much everyo"
2026-09-29T08:50:51.538104+00:00,members,1011," By tex Join Vortex Devs 1,011 members if u like coding join th"
2026-09-29T08:50:51.538104+00:00,members,725,rrito Join rareusernames 725 members join if u got a rare use
2026-09-29T08:50:51.538104+00:00,members,488,dds them By sin Join KEY 488 members Use Starcode: KEY When P
2026-09-29T08:50:51.538104+00:00,members,300," OF KEY

September 3rd - 300 Members! By Key Join ANTI-ROBLOX"
2026-09-29T08:50:51.538104+00:00,members,465, By Key Join ANTI-ROBLOX 465 members vortexians are better (i
2026-09-29T08:50:51.538104+00:00,members,414,wI Join Rarest Usernames 414 members The OFFICIAL Rare Userna
2026-09-29T08:50:51.538104+00:00,members,356,lade Join Obby Community 356 members A group for if you have 
2026-09-29T08:50:51.538104+00:00,members,280,"! By Koen Join BUSH CLUB 280 members BUSH CLUB FOREVER!!!
The"
2026-09-29T08:50:51.538104+00:00,members,227,in Wire - Volt Giveaways 227 members The Official Vortex grou
2026-09-29T08:50:51.538104+00:00,members,213,rian Join The 2Toneverse 213 members This Is The Official Fan
2026-09-29T08:50:51.538104+00:00,members,212,e Join First 100k Users! 212 members Only first 100k vortex u
2026-09-29T08:50:51.538104+00:00,members,186,camo Join VortexCon 2026 186 members VortexCon is a community
2026-09-29T08:50:51.538104+00:00,members,167,Brainy Join Team Carmine 167 members Join Today! By Carmine J
2026-09-29T08:50:51.538104+00:00,members,147,ficial Vortex News Group 147 members This is the official gro
2026-09-29T08:50:51.538104+00:00,members,142,iny Join Vortex Builders 142 members A Group for Builders By 
2026-09-29T08:50:51.538104+00:00,members,128,y Asmo Join Vortex Mafia 128 members This is the Vortex Mafia
2026-09-29T08:50:51.538104+00:00,members,116,SharpRust Join Car Club! 116 members Join our community! We r
2026-09-29T08:50:51.538104+00:00,members,109,BlockMan Join NameSnipes 109 members The Official NameSnipes 
2026-09-29T08:50:51.538104+00:00,members,105,e Join erik2's wasteland 105 members we are the wastelanders!
2026-09-29T08:50:51.538104+00:00,members,105,res By erik2 Join kostas 105 members kostas By kostas Join Pr
2026-09-29T08:50:51.538104+00:00,members,97,repidation Productions!) 97 members the official trepidation
2026-09-29T08:50:51.538104+00:00,members,95,Iamcooldudeweee Join 777 95 members We love Gambling $$ \($_
2026-09-29T08:50:51.538104+00:00,members,93,y Catalog Join Cool Gang 93 members Join this group if you a
2026-09-29T08:50:51.538104+00:00,members,87, Jacob Join Luxs Network 87 members this is luxs network :0 
2026-09-29T08:50:51.538104+00:00,members,86,"in The Omniscient Empire 86 members The Eye Will Provide...
"
2026-09-29T08:50:51.538104+00:00,members,78,"he Glitched Purple (TGP) 78 members TGP's official group!

t"
2026-09-29T08:50:51.538104+00:00,members,72,X2f By MiaTM Join Gaming 72 members I am Gaming/Itsgaming_AU
2026-09-29T08:50:51.538104+00:00,members,71,ming Join Vortex Traders 71 members For all the traders and 
2026-09-29T08:50:51.538104+00:00,members,69, Hype Join Myth hunters! 69 members Welcome to vortex myth h
2026-09-29T15:20:31.927062+00:00,members,3560,"xplore groups 784 Vortex 3,560 members This is the official gro"
2026-09-29T15:20:31.927062+00:00,members,2462,"veloper Join Vortex OGs! 2,462 members a group for vortex OGs t"
2026-09-29T15:20:31.927062+00:00,members,500,"
Group Creation - Aug 30
500 Members - Aug 31
1000 Members - "
2026-09-29T15:20:31.927062+00:00,members,1000," 30
500 Members - Aug 31
1000 Members - Sept 2

wow we're almo"
2026-09-29T15:20:31.927062+00:00,members,2500,"2

wow we're almost at a 2,500 members!!! thanks so much everyo"
2026-09-29T15:20:31.927062+00:00,members,1015," By tex Join Vortex Devs 1,015 members if u like coding join th"
2026-09-29T15:20:31.927062+00:00,members,730,rrito Join rareusernames 730 members join if u got a rare use
2026-09-29T15:20:31.927062+00:00,members,489,dds them By sin Join KEY 489 members Use Starcode: KEY When P
2026-09-29T15:20:31.927062+00:00,members,300," OF KEY

September 3rd - 300 Members! By Key Join ANTI-ROBLOX"
2026-09-29T15:20:31.927062+00:00,members,466, By Key Join ANTI-ROBLOX 466 members vortexians are better (i
2026-09-29T15:20:31.927062+00:00,members,415,wI Join Rarest Usernames 415 members The OFFICIAL Rare Userna
2026-09-29T15:20:31.927062+00:00,members,357,lade Join Obby Community 357 members A group for if you have 
2026-09-29T15:20:31.927062+00:00,members,280,"! By Koen Join BUSH CLUB 280 members BUSH CLUB FOREVER!!!
The"
2026-09-29T15:20:31.927062+00:00,members,227,in Wire - Volt Giveaways 227 members The Official Vortex grou
2026-09-29T15:20:31.927062+00:00,members,214,n Join First 100k Users! 214 members Only first 100k vortex u
2026-09-29T15:20:31.927062+00:00,members,213,camo Join The 2Toneverse 213 members This Is The Official Fan
2026-09-29T15:20:31.927062+00:00,members,186,Tone Join VortexCon 2026 186 members VortexCon is a community
2026-09-29T15:20:31.927062+00:00,members,167,Brainy Join Team Carmine 167 members Join Today! By Carmine J
2026-09-29T15:20:31.927062+00:00,members,148,ficial Vortex News Group 148 members This is the official gro
2026-09-29T15:20:31.927062+00:00,members,142,iny Join Vortex Builders 142 members A Group for Builders By 
2026-09-29T15:20:31.927062+00:00,members,128,y Asmo Join Vortex Mafia 128 members This is the Vortex Mafia
2026-09-29T15:20:31.927062+00:00,members,116,SharpRust Join Car Club! 116 members Join our community! We r
2026-09-29T15:20:31.927062+00:00,members,109,BlockMan Join NameSnipes 109 members The Official NameSnipes 
2026-09-29T15:20:31.927062+00:00,members,105,e Join erik2's wasteland 105 members we are the wastelanders!
2026-09-29T15:20:31.927062+00:00,members,105,res By erik2 Join kostas 105 members kostas By kostas Join Pr
2026-09-29T15:20:31.927062+00:00,members,97,repidation Productions!) 97 members the official trepidation
2026-09-29T15:20:31.927062+00:00,members,95,Iamcooldudeweee Join 777 95 members We love Gambling $$ \($_
2026-09-29T15:20:31.927062+00:00,members,93,y Catalog Join Cool Gang 93 members Join this group if you a
2026-09-29T15:20:31.927062+00:00,members,87, Jacob Join Luxs Network 87 members this is luxs network :0 
2026-09-29T15:20:31.927062+00:00,members,86,"in The Omniscient Empire 86 members The Eye Will Provide...
"
2026-09-29T15:20:31.927062+00:00,members,78,"he Glitched Purple (TGP) 78 members TGP's official group!

t"
2026-09-29T15:20:31.927062+00:00,members,72,X2f By MiaTM Join Gaming 72 members I am Gaming/Itsgaming_AU
2026-09-29T15:20:31.927062+00:00,members,71,ming Join Vortex Traders 71 members For all the traders and 
2026-09-29T15:20:31.927062+00:00,members,70, Hype Join Myth hunters! 70 members Welcome to vortex myth h
2026-09-29T20:06:38.816183+00:00,members,3575,"xplore groups 784 Vortex 3,575 members This is the official gro"
2026-09-29T20:06:38.816183+00:00,members,2475,"veloper Join Vortex OGs! 2,475 members a group for vortex OGs t"
2026-09-29T20:06:38.816183+00:00,members,500,"
Group Creation - Aug 30
500 Members - Aug 31
1000 Members - "
2026-09-29T20:06:38.816183+00:00,members,1000," 30
500 Members - Aug 31
1000 Members - Sept 2

wow we're almo"
2026-09-29T20:06:38.816183+00:00,members,2500,"2

wow we're almost at a 2,500 members!!! thanks so much everyo"
2026-09-29T20:06:38.816183+00:00,members,1020," By tex Join Vortex Devs 1,020 members if u like coding join th"
2026-09-29T20:06:38.816183+00:00,members,740,rrito Join rareusernames 740 members join if u got a rare use
2026-09-29T20:06:38.816183+00:00,members,493,dds them By sin Join KEY 493 members Use Starcode: KEY When P
2026-09-29T20:06:38.816183+00:00,members,300," OF KEY

September 3rd - 300 Members! By Key Join ANTI-ROBLOX"
2026-09-29T20:06:38.816183+00:00,members,469, By Key Join ANTI-ROBLOX 469 members vortexians are better (i
2026-09-29T20:06:38.816183+00:00,members,419,wI Join Rarest Usernames 419 members The OFFICIAL Rare Userna
2026-09-29T20:06:38.816183+00:00,members,359,lade Join Obby Community 359 members A group for if you have 
2026-09-29T20:06:38.816183+00:00,members,281,"! By Koen Join BUSH CLUB 281 members BUSH CLUB FOREVER!!!
The"
2026-09-29T20:06:38.816183+00:00,members,229,in Wire - Volt Giveaways 229 members The Official Vortex grou
2026-09-29T20:06:38.816183+00:00,members,219,n Join First 100k Users! 219 members Only first 100k vortex u
2026-09-29T20:06:38.816183+00:00,members,214,camo Join The 2Toneverse 214 members This Is The Official Fan
2026-09-29T20:06:38.816183+00:00,members,186,Tone Join VortexCon 2026 186 members VortexCon is a community
2026-09-29T20:06:38.816183+00:00,members,167,Brainy Join Team Carmine 167 members Join Today! By Carmine J
2026-09-29T20:06:38.816183+00:00,members,150,ficial Vortex News Group 150 members This is the official gro
2026-09-29T20:06:38.816183+00:00,members,143,iny Join Vortex Builders 143 members A Group for Builders By 
2026-09-29T20:06:38.816183+00:00,members,129,y Asmo Join Vortex Mafia 129 members This is the Vortex Mafia
2026-09-29T20:06:38.816183+00:00,members,117,SharpRust Join Car Club! 117 members Join our community! We r
2026-09-29T20:06:38.816183+00:00,members,109,BlockMan Join NameSnipes 109 members The Official NameSnipes 
2026-09-29T20:06:38.816183+00:00,members,105,e Join erik2's wasteland 105 members we are the wastelanders!
2026-09-29T20:06:38.816183+00:00,members,105,res By erik2 Join kostas 105 members kostas By kostas Join Pr
2026-09-29T20:06:38.816183+00:00,members,98,repidation Productions!) 98 members the official trepidation
2026-09-29T20:06:38.816183+00:00,members,95,Iamcooldudeweee Join 777 95 members We love Gambling $$ \($_
2026-09-29T20:06:38.816183+00:00,members,94,y Catalog Join Cool Gang 94 members Join this group if you a
2026-09-29T20:06:38.816183+00:00,members,86, Jacob Join Luxs Network 86 members this is luxs network :0 
2026-09-29T20:06:38.816183+00:00,members,86,"in The Omniscient Empire 86 members The Eye Will Provide...
"
2026-09-29T20:06:38.816183+00:00,members,78,"he Glitched Purple (TGP) 78 members TGP's official group!

t"
2026-09-29T20:06:38.816183+00:00,members,72,X2f By MiaTM Join Gaming 72 members I am Gaming/Itsgaming_AU
2026-09-29T20:06:38.816183+00:00,members,71,aming Join Myth hunters! 71 members Welcome to vortex myth h
2026-09-29T20:06:38.816183+00:00,members,71,kiwi Join Vortex Traders 71 members For all the traders and 
2026-09-29T23:43:11.209187+00:00,members,3578,"xplore groups 784 Vortex 3,578 members This is the official gro"
2026-09-29T23:43:11.209187+00:00,members,2480,"veloper Join Vortex OGs! 2,480 members a group for vortex OGs t"
2026-09-29T23:43:11.209187+00:00,members,500,"
Group Creation - Aug 30
500 Members - Aug 31
1000 Members - "
2026-09-29T23:43:11.209187+00:00,members,1000," 30
500 Members - Aug 31
1000 Members - Sept 2

wow we're almo"
2026-09-29T23:43:11.209187+00:00,members,2500,"2

wow we're almost at a 2,500 members!!! thanks so much everyo"
2026-09-29T23:43:11.209187+00:00,members,1021," By tex Join Vortex Devs 1,021 members if u like coding join th"
2026-09-29T23:43:11.209187+00:00,members,742,rrito Join rareusernames 742 members join if u got a rare use
2026-09-29T23:43:11.209187+00:00,members,494,dds them By sin Join KEY 494 members Use Starcode: KEY When P
2026-09-29T23:43:11.209187+00:00,members,300," OF KEY

September 3rd - 300 Members! By Key Join ANTI-ROBLOX"
2026-09-29T23:43:11.209187+00:00,members,471, By Key Join ANTI-ROBLOX 471 members vortexians are better (i
2026-09-29T23:43:11.209187+00:00,members,421,wI Join Rarest Usernames 421 members The OFFICIAL Rare Userna
2026-09-29T23:43:11.209187+00:00,members,359,lade Join Obby Community 359 members A group for if you have 
2026-09-29T23:43:11.209187+00:00,members,281,"! By Koen Join BUSH CLUB 281 members BUSH CLUB FOREVER!!!
The"
2026-09-29T23:43:11.209187+00:00,members,229,in Wire - Volt Giveaways 229 members The Official Vortex grou
2026-09-29T23:43:11.209187+00:00,members,221,n Join First 100k Users! 221 members Only first 100k vortex u
2026-09-29T23:43:11.209187+00:00,members,214,camo Join The 2Toneverse 214 members This Is The Official Fan
2026-09-29T23:43:11.209187+00:00,members,186,Tone Join VortexCon 2026 186 members VortexCon is a community
2026-09-29T23:43:11.209187+00:00,members,167,Brainy Join Team Carmine 167 members Join Today! By Carmine J
2026-09-29T23:43:11.209187+00:00,members,150,ficial Vortex News Group 150 members This is the official gro
2026-09-29T23:43:11.209187+00:00,members,142,iny Join Vortex Builders 142 members A Group for Builders By 
2026-09-29T23:43:11.209187+00:00,members,130,y Asmo Join Vortex Mafia 130 members This is the Vortex Mafia
2026-09-29T23:43:11.209187+00:00,members,119,SharpRust Join Car Club! 119 members Join our community! We r
2026-09-29T23:43:11.209187+00:00,members,110,BlockMan Join NameSnipes 110 members The Official NameSnipes 
2026-09-29T23:43:11.209187+00:00,members,105,e Join erik2's wasteland 105 members we are the wastelanders!
2026-09-29T23:43:11.209187+00:00,members,105,res By erik2 Join kostas 105 members kostas By kostas Join Pr
2026-09-29T23:43:11.209187+00:00,members,98,repidation Productions!) 98 members the official trepidation
2026-09-29T23:43:11.209187+00:00,members,95,Iamcooldudeweee Join 777 95 members We love Gambling $$ \($_
2026-09-29T23:43:11.209187+00:00,members,94,y Catalog Join Cool Gang 94 members Join this group if you a
2026-09-29T23:43:11.209187+00:00,members,86, Jacob Join Luxs Network 86 members this is luxs network :0 
2026-09-29T23:43:11.209187+00:00,members,86,"in The Omniscient Empire 86 members The Eye Will Provide...
"
2026-09-29T23:43:11.209187+00:00,members,78,"he Glitched Purple (TGP) 78 members TGP's official group!

t"
2026-09-29T23:43:11.209187+00:00,members,72,MiaTM Join Myth hunters! 72 members Welcome to vortex myth h
2026-09-29T23:43:11.209187+00:00,members,72,ths! By kiwi Join Gaming 72 members I am Gaming/Itsgaming_AU
2026-09-29T23:43:11.209187+00:00,members,71,ming Join Vortex Traders 71 members For all the traders and 
2026-09-30T02:25:45.060338+00:00,members,3578,"xplore groups 785 Vortex 3,578 members This is the official gro"
2026-09-30T02:25:45.060338+00:00,members,2481,"veloper Join Vortex OGs! 2,481 members a group for vortex OGs t"
2026-09-30T02:25:45.060338+00:00,members,500,"
Group Creation - Aug 30
500 Members - Aug 31
1000 Members - "
2026-09-30T02:25:45.060338+00:00,members,1000," 30
500 Members - Aug 31
1000 Members - Sept 2

wow we're almo"
2026-09-30T02:25:45.060338+00:00,members,2500,"2

wow we're almost at a 2,500 members!!! thanks so much everyo"
2026-09-30T02:25:45.060338+00:00,members,1021," By tex Join Vortex Devs 1,021 members if u like coding join th"
2026-09-30T02:25:45.060338+00:00,members,743,rrito Join rareusernames 743 members join if u got a rare use
2026-09-30T02:25:45.060338+00:00,members,494,dds them By sin Join KEY 494 members Use Starcode: KEY When P
2026-09-30T02:25:45.060338+00:00,members,300," OF KEY

September 3rd - 300 Members! By Key Join ANTI-ROBLOX"
2026-09-30T02:25:45.060338+00:00,members,471, By Key Join ANTI-ROBLOX 471 members vortexians are better (i
2026-09-30T02:25:45.060338+00:00,members,421,wI Join Rarest Usernames 421 members The OFFICIAL Rare Userna
2026-09-30T02:25:45.060338+00:00,members,359,lade Join Obby Community 359 members A group for if you have 
2026-09-30T02:25:45.060338+00:00,members,281,"! By Koen Join BUSH CLUB 281 members BUSH CLUB FOREVER!!!
The"
2026-09-30T02:25:45.060338+00:00,members,229,in Wire - Volt Giveaways 229 members The Official Vortex grou
2026-09-30T02:25:45.060338+00:00,members,220,n Join First 100k Users! 220 members Only first 100k vortex u
2026-09-30T02:25:45.060338+00:00,members,214,camo Join The 2Toneverse 214 members This Is The Official Fan
2026-09-30T02:25:45.060338+00:00,members,186,Tone Join VortexCon 2026 186 members VortexCon is a community
2026-09-30T02:25:45.060338+00:00,members,167,Brainy Join Team Carmine 167 members Join Today! By Carmine J
2026-09-30T02:25:45.060338+00:00,members,150,ficial Vortex News Group 150 members This is the official gro
2026-09-30T02:25:45.060338+00:00,members,142,iny Join Vortex Builders 142 members A Group for Builders By 
2026-09-30T02:25:45.060338+00:00,members,130,y Asmo Join Vortex Mafia 130 members This is the Vortex Mafia
2026-09-30T02:25:45.060338+00:00,members,119,SharpRust Join Car Club! 119 members Join our community! We r
2026-09-30T02:25:45.060338+00:00,members,110,BlockMan Join NameSnipes 110 members The Official NameSnipes 
2026-09-30T02:25:45.060338+00:00,members,105,e Join erik2's wasteland 105 members we are the wastelanders!
2026-09-30T02:25:45.060338+00:00,members,105,res By erik2 Join kostas 105 members kostas By kostas Join Pr
2026-09-30T02:25:45.060338+00:00,members,98,repidation Productions!) 98 members the official trepidation
2026-09-30T02:25:45.060338+00:00,members,95,Iamcooldudeweee Join 777 95 members We love Gambling $$ \($_
2026-09-30T02:25:45.060338+00:00,members,94,y Catalog Join Cool Gang 94 members Join this group if you a
2026-09-30T02:25:45.060338+00:00,members,86, Jacob Join Luxs Network 86 members this is luxs network :0 
2026-09-30T02:25:45.060338+00:00,members,86,"in The Omniscient Empire 86 members The Eye Will Provide...
"
2026-09-30T02:25:45.060338+00:00,members,78,"he Glitched Purple (TGP) 78 members TGP's official group!

t"
2026-09-30T02:25:45.060338+00:00,members,72,MiaTM Join Myth hunters! 72 members Welcome to vortex myth h
2026-09-30T02:25:45.060338+00:00,members,72,ths! By kiwi Join Gaming 72 members I am Gaming/Itsgaming_AU
2026-09-30T02:25:45.060338+00:00,members,71,ming Join Vortex Traders 71 members For all the traders and 
2026-09-30T08:51:26.525473+00:00,members,3580,"xplore groups 785 Vortex 3,580 members This is the official gro"
2026-09-30T08:51:26.525473+00:00,members,2484,"veloper Join Vortex OGs! 2,484 members a group for vortex OGs t"
2026-09-30T08:51:26.525473+00:00,members,500,"
Group Creation - Aug 30
500 Members - Aug 31
1000 Members - "
2026-09-30T08:51:26.525473+00:00,members,1000," 30
500 Members - Aug 31
1000 Members - Sept 2

wow we're almo"
2026-09-30T08:51:26.525473+00:00,members,2500,"2

wow we're almost at a 2,500 members!!! thanks so much everyo"
2026-09-30T08:51:26.525473+00:00,members,1021," By tex Join Vortex Devs 1,021 members if u HATE coding join th"
2026-09-30T08:51:26.525473+00:00,members,744,rrito Join rareusernames 744 members join if u got a rare use
2026-09-30T08:51:26.525473+00:00,members,495,dds them By sin Join KEY 495 members Use Starcode: KEY When P
2026-09-30T08:51:26.525473+00:00,members,300," OF KEY

September 3rd - 300 Members! By Key Join ANTI-ROBLOX"
2026-09-30T08:51:26.525473+00:00,members,472, By Key Join ANTI-ROBLOX 472 members vortexians are better (i
2026-09-30T08:51:26.525473+00:00,members,421,wI Join Rarest Usernames 421 members The OFFICIAL Rare Userna
2026-09-30T08:51:26.525473+00:00,members,359,lade Join Obby Community 359 members A group for if you have 
2026-09-30T08:51:26.525473+00:00,members,281,"! By Koen Join BUSH CLUB 281 members BUSH CLUB FOREVER!!!
The"
2026-09-30T08:51:26.525473+00:00,members,229,in Wire - Volt Giveaways 229 members The Official Vortex grou
2026-09-30T08:51:26.525473+00:00,members,221,n Join First 100k Users! 221 members Only first 100k vortex u
2026-09-30T08:51:26.525473+00:00,members,214,camo Join The 2Toneverse 214 members This Is The Official Fan
2026-09-30T08:51:26.525473+00:00,members,187,Tone Join VortexCon 2026 187 members VortexCon is a community
2026-09-30T08:51:26.525473+00:00,members,167,Brainy Join Team Carmine 167 members Join Today! By Carmine J
2026-09-30T08:51:26.525473+00:00,members,150,ficial Vortex News Group 150 members This is the official gro
2026-09-30T08:51:26.525473+00:00,members,143,iny Join Vortex Builders 143 members A Group for Builders By 
2026-09-30T08:51:26.525473+00:00,members,130,y Asmo Join Vortex Mafia 130 members This is the Vortex Mafia
2026-09-30T08:51:26.525473+00:00,members,119,SharpRust Join Car Club! 119 members Join our community! We r
2026-09-30T08:51:26.525473+00:00,members,110,BlockMan Join NameSnipes 110 members The Official NameSnipes 
2026-09-30T08:51:26.525473+00:00,members,105,e Join erik2's wasteland 105 members we are the wastelanders!
2026-09-30T08:51:26.525473+00:00,members,105,res By erik2 Join kostas 105 members kostas By kostas Join Pr
2026-09-30T08:51:26.525473+00:00,members,98,repidation Productions!) 98 members the official trepidation
2026-09-30T08:51:26.525473+00:00,members,95,Iamcooldudeweee Join 777 95 members We love Gambling $$ \($_
2026-09-30T08:51:26.525473+00:00,members,94,y Catalog Join Cool Gang 94 members Join this group if you a
2026-09-30T08:51:26.525473+00:00,members,87,"in The Omniscient Empire 87 members The Eye Will Provide...
"
2026-09-30T08:51:26.525473+00:00,members,86,erseer Join Luxs Network 86 members this is luxs network :0 
2026-09-30T08:51:26.525473+00:00,members,78,"he Glitched Purple (TGP) 78 members TGP's official group!

t"
2026-09-30T08:51:26.525473+00:00,members,72,MiaTM Join Myth hunters! 72 members Welcome to vortex myth h
2026-09-30T08:51:26.525473+00:00,members,72,ths! By kiwi Join Gaming 72 members I am Gaming/Itsgaming_AU
2026-09-30T08:51:26.525473+00:00,members,71,ming Join Vortex Traders 71 members For all the traders and 
2026-09-30T15:35:20.766181+00:00,members,3590,"xplore groups 786 Vortex 3,590 members This is the official gro"
2026-09-30T15:35:20.766181+00:00,members,2492,"veloper Join Vortex OGs! 2,492 members a group for vortex OGs t"
2026-09-30T15:35:20.766181+00:00,members,500,"
Group Creation - Aug 30
500 Members - Aug 31
1000 Members - "
2026-09-30T15:35:20.766181+00:00,members,1000," 30
500 Members - Aug 31
1000 Members - Sept 2

wow we're almo"
2026-09-30T15:35:20.766181+00:00,members,2500,"2

wow we're almost at a 2,500 members!!! thanks so much everyo"
2026-09-30T15:35:20.766181+00:00,members,1024," By tex Join Vortex Devs 1,024 members if u HATE coding join th"
2026-09-30T15:35:20.766181+00:00,members,750,rrito Join rareusernames 750 members join if u got a rare use
2026-09-30T15:35:20.766181+00:00,members,496,dds them By sin Join KEY 496 members Use Starcode: KEY When P
2026-09-30T15:35:20.766181+00:00,members,300," OF KEY

September 3rd - 300 Members! By Key Join ANTI-ROBLOX"
2026-09-30T15:35:20.766181+00:00,members,473, By Key Join ANTI-ROBLOX 473 members vortexians are better (i
2026-09-30T15:35:20.766181+00:00,members,425,wI Join Rarest Usernames 425 members The OFFICIAL Rare Userna
2026-09-30T15:35:20.766181+00:00,members,360,lade Join Obby Community 360 members A group for if you have 
2026-09-30T15:35:20.766181+00:00,members,283,"! By Koen Join BUSH CLUB 283 members BUSH CLUB FOREVER!!!
The"
2026-09-30T15:35:20.766181+00:00,members,232,in Wire - Volt Giveaways 232 members The Official Vortex grou
2026-09-30T15:35:20.766181+00:00,members,224,n Join First 100k Users! 224 members Only first 100k vortex u
2026-09-30T15:35:20.766181+00:00,members,215,camo Join The 2Toneverse 215 members This Is The Official Fan
2026-09-30T15:35:20.766181+00:00,members,187,Tone Join VortexCon 2026 187 members VortexCon is a community
2026-09-30T15:35:20.766181+00:00,members,167,Brainy Join Team Carmine 167 members Join Today! By Carmine J
2026-09-30T15:35:20.766181+00:00,members,150,ficial Vortex News Group 150 members This is the official gro
2026-09-30T15:35:20.766181+00:00,members,143,iny Join Vortex Builders 143 members A Group for Builders By 
2026-09-30T15:35:20.766181+00:00,members,131,y Asmo Join Vortex Mafia 131 members This is the Vortex Mafia
2026-09-30T15:35:20.766181+00:00,members,120,SharpRust Join Car Club! 120 members Join our community! We r
2026-09-30T15:35:20.766181+00:00,members,110,BlockMan Join NameSnipes 110 members The Official NameSnipes 
2026-09-30T15:35:20.766181+00:00,members,105,e Join erik2's wasteland 105 members we are the wastelanders!
2026-09-30T15:35:20.766181+00:00,members,105,res By erik2 Join kostas 105 members kostas By kostas Join Pr
2026-09-30T15:35:20.766181+00:00,members,98,repidation Productions!) 98 members the official trepidation
2026-09-30T15:35:20.766181+00:00,members,95,Iamcooldudeweee Join 777 95 members We love Gambling $$ \($_
2026-09-30T15:35:20.766181+00:00,members,94,y Catalog Join Cool Gang 94 members Join this group if you a
2026-09-30T15:35:20.766181+00:00,members,87,"in The Omniscient Empire 87 members The Eye Will Provide...
"
2026-09-30T15:35:20.766181+00:00,members,86,erseer Join Luxs Network 86 members this is luxs network :0 
2026-09-30T15:35:20.766181+00:00,members,78,"he Glitched Purple (TGP) 78 members TGP's official group!

t"
2026-09-30T15:35:20.766181+00:00,members,72,MiaTM Join Myth hunters! 72 members Welcome to vortex myth h
2026-09-30T15:35:20.766181+00:00,members,72,ths! By kiwi Join Gaming 72 members I am Gaming/Itsgaming_AU
2026-09-30T15:35:20.766181+00:00,members,71,ming Join Vortex Traders 71 members For all the traders and 
2026-09-30T20:18:58.170238+00:00,members,3603,"xplore groups 789 Vortex 3,603 members This is the official gro"
2026-09-30T20:18:58.170238+00:00,members,2505,"veloper Join Vortex OGs! 2,505 members a group for vortex OGs t"
2026-09-30T20:18:58.170238+00:00,members,500,"
Group Creation - Aug 30
500 Members - Aug 31
1000 Members - "
2026-09-30T20:18:58.170238+00:00,members,1000," 30
500 Members - Aug 31
1000 Members - Sept 2

wow we're almo"
2026-09-30T20:18:58.170238+00:00,members,2500,"2

wow we're almost at a 2,500 members!!! thanks so much everyo"
2026-09-30T20:18:58.170238+00:00,members,1027," By tex Join Vortex Devs 1,027 members if u HATE coding join th"
2026-09-30T20:18:58.170238+00:00,members,753,rrito Join rareusernames 753 members join if u got a rare use
2026-09-30T20:18:58.170238+00:00,members,498,dds them By sin Join KEY 498 members Use Starcode: KEY When P
2026-09-30T20:18:58.170238+00:00,members,300," OF KEY

September 3rd - 300 Members! By Key Join ANTI-ROBLOX"
2026-09-30T20:18:58.170238+00:00,members,475, By Key Join ANTI-ROBLOX 475 members vortexians are better (i
2026-09-30T20:18:58.170238+00:00,members,425,wI Join Rarest Usernames 425 members The OFFICIAL Rare Userna
2026-09-30T20:18:58.170238+00:00,members,361,lade Join Obby Community 361 members A group for if you have 
2026-09-30T20:18:58.170238+00:00,members,284,"! By Koen Join BUSH CLUB 284 members BUSH CLUB FOREVER!!!
The"
2026-09-30T20:18:58.170238+00:00,members,234,in Wire - Volt Giveaways 234 members The Official Vortex grou
2026-09-30T20:18:58.170238+00:00,members,225,n Join First 100k Users! 225 members Only first 100k vortex u
2026-09-30T20:18:58.170238+00:00,members,216,camo Join The 2Toneverse 216 members This Is The Official Fan
2026-09-30T20:18:58.170238+00:00,members,187,Tone Join VortexCon 2026 187 members VortexCon is a community
2026-09-30T20:18:58.170238+00:00,members,167,Brainy Join Team Carmine 167 members Join Today! By Carmine J
2026-09-30T20:18:58.170238+00:00,members,150,ficial Vortex News Group 150 members This is the official gro
2026-09-30T20:18:58.170238+00:00,members,145,iny Join Vortex Builders 145 members A Group for Builders By 
2026-09-30T20:18:58.170238+00:00,members,131,y Asmo Join Vortex Mafia 131 members This is the Vortex Mafia
2026-09-30T20:18:58.170238+00:00,members,120,SharpRust Join Car Club! 120 members Join our community! We r
2026-09-30T20:18:58.170238+00:00,members,111,BlockMan Join NameSnipes 111 members The Official NameSnipes 
2026-09-30T20:18:58.170238+00:00,members,105,23) By blade Join kostas 105 members kostas By kostas Join er
2026-09-30T20:18:58.170238+00:00,members,104,s Join erik2's wasteland 104 members we are the wastelanders!
2026-09-30T20:18:58.170238+00:00,members,99,repidation Productions!) 99 members the official trepidation
2026-09-30T20:18:58.170238+00:00,members,96,Iamcooldudeweee Join 777 96 members We love Gambling $$ \($_
2026-09-30T20:18:58.170238+00:00,members,94,y Catalog Join Cool Gang 94 members Join this group if you a
2026-09-30T20:18:58.170238+00:00,members,87,"in The Omniscient Empire 87 members The Eye Will Provide...
"
2026-09-30T20:18:58.170238+00:00,members,86,erseer Join Luxs Network 86 members this is luxs network :0 
2026-09-30T20:18:58.170238+00:00,members,78,"he Glitched Purple (TGP) 78 members TGP's official group!

t"
2026-09-30T20:18:58.170238+00:00,members,73,MiaTM Join Myth hunters! 73 members Welcome to vortex myth h
2026-09-30T20:18:58.170238+00:00,members,73,kiwi Join Vortex Traders 73 members For all the traders and 
2026-09-30T20:18:58.170238+00:00,members,73,tex! By Hype Join Gaming 73 members I am Gaming/Itsgaming_AU
2026-10-01T00:02:38.552036+00:00,members,3613,"xplore groups 790 Vortex 3,613 members This is the official gro"
2026-10-01T00:02:38.552036+00:00,members,2511,"veloper Join Vortex OGs! 2,511 members a group for vortex OGs t"
2026-10-01T00:02:38.552036+00:00,members,500,"
Group Creation - Aug 30
500 Members - Aug 31
1000 Members - "
2026-10-01T00:02:38.552036+00:00,members,1000," 30
500 Members - Aug 31
1000 Members - Sept 2
2500 Members - "
2026-10-01T00:02:38.552036+00:00,members,2500,"31
1000 Members - Sept 2
2500 Members - Sept 30

wow we hit 2,"
2026-10-01T00:02:38.552036+00:00,members,2500,"rs - Sept 30

wow we hit 2,500 members!!! thanks so much everyo"
2026-10-01T00:02:38.552036+00:00,members,1029," By tex Join Vortex Devs 1,029 members if u HATE coding join th"
2026-10-01T00:02:38.552036+00:00,members,753,rrito Join rareusernames 753 members join if u got a rare use
2026-10-01T00:02:38.552036+00:00,members,500,dds them By sin Join KEY 500 members Use Starcode: KEY When P
2026-10-01T00:02:38.552036+00:00,members,300," OF KEY

September 3rd - 300 Members! By Key Join ANTI-ROBLOX"
2026-10-01T00:02:38.552036+00:00,members,477, By Key Join ANTI-ROBLOX 477 members vortexians are better (i
2026-10-01T00:02:38.552036+00:00,members,430,wI Join Rarest Usernames 430 members The OFFICIAL Rare Userna
2026-10-01T00:02:38.552036+00:00,members,361,lade Join Obby Community 361 members A group for if you have 
2026-10-01T00:02:38.552036+00:00,members,284,"! By Koen Join BUSH CLUB 284 members BUSH CLUB FOREVER!!!
The"
2026-10-01T00:02:38.552036+00:00,members,235,in Wire - Volt Giveaways 235 members The Official Vortex grou
2026-10-01T00:02:38.552036+00:00,members,229,n Join First 100k Users! 229 members Only first 100k vortex u
2026-10-01T00:02:38.552036+00:00,members,216,camo Join The 2Toneverse 216 members This Is The Official Fan
2026-10-01T00:02:38.552036+00:00,members,187,Tone Join VortexCon 2026 187 members VortexCon is a community
2026-10-01T00:02:38.552036+00:00,members,167,Brainy Join Team Carmine 167 members Join Today! By Carmine J
2026-10-01T00:02:38.552036+00:00,members,150,ficial Vortex News Group 150 members This is the official gro
2026-10-01T00:02:38.552036+00:00,members,145,iny Join Vortex Builders 145 members A Group for Builders By 
2026-10-01T00:02:38.552036+00:00,members,132,y Asmo Join Vortex Mafia 132 members This is the Vortex Mafia
2026-10-01T00:02:38.552036+00:00,members,120,SharpRust Join Car Club! 120 members Join our community! We r
2026-10-01T00:02:38.552036+00:00,members,112,BlockMan Join NameSnipes 112 members The Official NameSnipes 
2026-10-01T00:02:38.552036+00:00,members,105,23) By blade Join kostas 105 members kostas By kostas Join er
2026-10-01T00:02:38.552036+00:00,members,104,s Join erik2's wasteland 104 members we are the wastelanders!
2026-10-01T00:02:38.552036+00:00,members,99,repidation Productions!) 99 members the official trepidation
2026-10-01T00:02:38.552036+00:00,members,96,Iamcooldudeweee Join 777 96 members We love Gambling $$ \($_
2026-10-01T00:02:38.552036+00:00,members,94,y Catalog Join Cool Gang 94 members Join this group if you a
2026-10-01T00:02:38.552036+00:00,members,88, Jacob Join Luxs Network 88 members this is luxs network :0 
2026-10-01T00:02:38.552036+00:00,members,87,"in The Omniscient Empire 87 members The Eye Will Provide...
"
2026-10-01T00:02:38.552036+00:00,members,78,"he Glitched Purple (TGP) 78 members TGP's official group!

t"
2026-10-01T00:02:38.552036+00:00,members,73,MiaTM Join Myth hunters! 73 members Welcome to vortex myth h
2026-10-01T00:02:38.552036+00:00,members,73,kiwi Join Vortex Traders 73 members For all the traders and 
2026-10-01T00:02:38.552036+00:00,members,73,tex! By Hype Join Gaming 73 members I am Gaming/Itsgaming_AU
2026-10-01T05:51:07.328301+00:00,members,3624,"xplore groups 795 Vortex 3,624 members This is the official gro"
2026-10-01T05:51:07.328301+00:00,members,2517,"veloper Join Vortex OGs! 2,517 members a group for vortex OGs t"
2026-10-01T05:51:07.328301+00:00,members,500,"
Group Creation - Aug 30
500 Members - Aug 31
1000 Members - "
2026-10-01T05:51:07.328301+00:00,members,1000," 30
500 Members - Aug 31
1000 Members - Sept 2
2500 Members - "
2026-10-01T05:51:07.328301+00:00,members,2500,"31
1000 Members - Sept 2
2500 Members - Sept 30

wow we hit 2,"
2026-10-01T05:51:07.328301+00:00,members,2500,"rs - Sept 30

wow we hit 2,500 members!!! thanks so much everyo"
2026-10-01T05:51:07.328301+00:00,members,1031," By tex Join Vortex Devs 1,031 members if u HATE coding join th"
2026-10-01T05:51:07.328301+00:00,members,757,rrito Join rareusernames 757 members join if u got a rare use
2026-10-01T05:51:07.328301+00:00,members,502,dds them By sin Join KEY 502 members Use Starcode: KEY When P
2026-10-01T05:51:07.328301+00:00,members,300," OF KEY

September 3rd - 300 Members!
September 30th - 500 Me"
2026-10-01T05:51:07.328301+00:00,members,500,"embers!
September 30th - 500 Members! By Key Join ANTI-ROBLOX"
2026-10-01T05:51:07.328301+00:00,members,479, By Key Join ANTI-ROBLOX 479 members vortexians are better (i
2026-10-01T05:51:07.328301+00:00,members,434,wI Join Rarest Usernames 434 members The OFFICIAL Rare Userna
2026-10-01T05:51:07.328301+00:00,members,361,lade Join Obby Community 361 members A group for if you have 
2026-10-01T05:51:07.328301+00:00,members,284,"! By Koen Join BUSH CLUB 284 members BUSH CLUB FOREVER!!!
The"
2026-10-01T05:51:07.328301+00:00,members,237,in Wire - Volt Giveaways 237 members The Official Vortex grou
2026-10-01T05:51:07.328301+00:00,members,231,n Join First 100k Users! 231 members Only first 100k vortex u
2026-10-01T05:51:07.328301+00:00,members,216,camo Join The 2Toneverse 216 members This Is The Official Fan
2026-10-01T05:51:07.328301+00:00,members,189,Tone Join VortexCon 2026 189 members VortexCon is a community
2026-10-01T05:51:07.328301+00:00,members,167,Brainy Join Team Carmine 167 members Join Today! By Carmine J
2026-10-01T05:51:07.328301+00:00,members,150,ficial Vortex News Group 150 members This is the official gro
2026-10-01T05:51:07.328301+00:00,members,145,iny Join Vortex Builders 145 members A Group for Builders By 
2026-10-01T05:51:07.328301+00:00,members,132,y Asmo Join Vortex Mafia 132 members This is the Vortex Mafia
2026-10-01T05:51:07.328301+00:00,members,121,SharpRust Join Car Club! 121 members Join our community! We r
2026-10-01T05:51:07.328301+00:00,members,113,BlockMan Join NameSnipes 113 members The Official NameSnipes 
2026-10-01T05:51:07.328301+00:00,members,106,23) By blade Join kostas 106 members kostas By kostas Join er
2026-10-01T05:51:07.328301+00:00,members,105,s Join erik2's wasteland 105 members we are the wastelanders!
2026-10-01T05:51:07.328301+00:00,members,99,repidation Productions!) 99 members the official trepidation
2026-10-01T05:51:07.328301+00:00,members,96,Iamcooldudeweee Join 777 96 members We love Gambling $$ \($_
2026-10-01T05:51:07.328301+00:00,members,94,y Catalog Join Cool Gang 94 members Join this group if you a
2026-10-01T05:51:07.328301+00:00,members,91, Jacob Join Luxs Network 91 members this is luxs network :0 
2026-10-01T05:51:07.328301+00:00,members,87,"in The Omniscient Empire 87 members The Eye Will Provide...
"
2026-10-01T05:51:07.328301+00:00,members,78,"he Glitched Purple (TGP) 78 members TGP's official group!

t"
2026-10-01T05:51:07.328301+00:00,members,75,MiaTM Join Myth hunters! 75 members Welcome to vortex myth h
2026-10-01T05:51:07.328301+00:00,members,74,kiwi Join Vortex Traders 74 members For all the traders and 
2026-10-01T05:51:07.328301+00:00,members,74,tex! By Hype Join Gaming 74 members I am Gaming/Itsgaming_AU
2026-10-01T12:22:59.467898+00:00,members,3627,"xplore groups 795 Vortex 3,627 members This is the official gro"
2026-10-01T12:22:59.467898+00:00,members,2522,"veloper Join Vortex OGs! 2,522 members a group for vortex OGs t"
2026-10-01T12:22:59.467898+00:00,members,500,"
Group Creation - Aug 30
500 Members - Aug 31
1000 Members - "
2026-10-01T12:22:59.467898+00:00,members,1000," 30
500 Members - Aug 31
1000 Members - Sept 2
2500 Members - "
2026-10-01T12:22:59.467898+00:00,members,2500,"31
1000 Members - Sept 2
2500 Members - Sept 30

wow we hit 2,"
2026-10-01T12:22:59.467898+00:00,members,2500,"rs - Sept 30

wow we hit 2,500 members!!! thanks so much everyo"
2026-10-01T12:22:59.467898+00:00,members,1033," By tex Join Vortex Devs 1,033 members if u HATE coding join th"
2026-10-01T12:22:59.467898+00:00,members,759,rrito Join rareusernames 759 members join if u got a rare use
2026-10-01T12:22:59.467898+00:00,members,502,dds them By sin Join KEY 502 members Use Starcode: KEY When P
2026-10-01T12:22:59.467898+00:00,members,300," OF KEY

September 3rd - 300 Members!
September 30th - 500 Me"
2026-10-01T12:22:59.467898+00:00,members,500,"embers!
September 30th - 500 Members! By Key Join ANTI-ROBLOX"
2026-10-01T12:22:59.467898+00:00,members,482, By Key Join ANTI-ROBLOX 482 members vortexians are better (i
2026-10-01T12:22:59.467898+00:00,members,437,wI Join Rarest Usernames 437 members The OFFICIAL Rare Userna
2026-10-01T12:22:59.467898+00:00,members,361,lade Join Obby Community 361 members A group for if you have 
2026-10-01T12:22:59.467898+00:00,members,284,"! By Koen Join BUSH CLUB 284 members BUSH CLUB FOREVER!!!
The"
2026-10-01T12:22:59.467898+00:00,members,238,in Wire - Volt Giveaways 238 members The Official Vortex grou
2026-10-01T12:22:59.467898+00:00,members,234,n Join First 100k Users! 234 members Only first 100k vortex u
2026-10-01T12:22:59.467898+00:00,members,216,camo Join The 2Toneverse 216 members This Is The Official Fan
2026-10-01T12:22:59.467898+00:00,members,189,Tone Join VortexCon 2026 189 members VortexCon is a community
2026-10-01T12:22:59.467898+00:00,members,167,Brainy Join Team Carmine 167 members Join Today! By Carmine J
2026-10-01T12:22:59.467898+00:00,members,150,ficial Vortex News Group 150 members This is the official gro
2026-10-01T12:22:59.467898+00:00,members,145,iny Join Vortex Builders 145 members A Group for Builders By 
2026-10-01T12:22:59.467898+00:00,members,132,y Asmo Join Vortex Mafia 132 members This is the Vortex Mafia
2026-10-01T12:22:59.467898+00:00,members,122,SharpRust Join Car Club! 122 members Join our community! We r
2026-10-01T12:22:59.467898+00:00,members,114,BlockMan Join NameSnipes 114 members The Official NameSnipes 
2026-10-01T12:22:59.467898+00:00,members,107,e Join erik2's wasteland 107 members we are the wastelanders!
2026-10-01T12:22:59.467898+00:00,members,106,res By erik2 Join kostas 106 members kostas By kostas Join Pr
2026-10-01T12:22:59.467898+00:00,members,99,repidation Productions!) 99 members the official trepidation
2026-10-01T12:22:59.467898+00:00,members,96,Iamcooldudeweee Join 777 96 members We love Gambling $$ \($_
2026-10-01T12:22:59.467898+00:00,members,94,y Catalog Join Cool Gang 94 members Join this group if you a
2026-10-01T12:22:59.467898+00:00,members,91, Jacob Join Luxs Network 91 members this is luxs network :0 
2026-10-01T12:22:59.467898+00:00,members,87,"in The Omniscient Empire 87 members The Eye Will Provide...
"
2026-10-01T12:22:59.467898+00:00,members,78,"he Glitched Purple (TGP) 78 members TGP's official group!

t"
2026-10-01T12:22:59.467898+00:00,members,75,MiaTM Join Myth hunters! 75 members Welcome to vortex myth h
2026-10-01T12:22:59.467898+00:00,members,75,kiwi Join Vortex Traders 75 members For all the traders and 
2026-10-01T12:22:59.467898+00:00,members,74,tex! By Hype Join Gaming 74 members I am Gaming/Itsgaming_AU
2026-10-01T18:31:45.327969+00:00,members,3639,"xplore groups 797 Vortex 3,639 members This is the official gro"
2026-10-01T18:31:45.327969+00:00,members,2529,"veloper Join Vortex OGs! 2,529 members a group for vortex OGs t"
2026-10-01T18:31:45.327969+00:00,members,500,"
Group Creation - Aug 30
500 Members - Aug 31
1000 Members - "
2026-10-01T18:31:45.327969+00:00,members,1000," 30
500 Members - Aug 31
1000 Members - Sept 2
2500 Members - "
2026-10-01T18:31:45.327969+00:00,members,2500,"31
1000 Members - Sept 2
2500 Members - Sept 30

wow we hit 2,"
2026-10-01T18:31:45.327969+00:00,members,2500,"rs - Sept 30

wow we hit 2,500 members!!! thanks so much everyo"
2026-10-01T18:31:45.327969+00:00,members,1036," By tex Join Vortex Devs 1,036 members if u HATE coding join th"
2026-10-01T18:31:45.327969+00:00,members,762,rrito Join rareusernames 762 members join if u got a rare use
2026-10-01T18:31:45.327969+00:00,members,503,dds them By sin Join KEY 503 members Use Starcode: KEY When P
2026-10-01T18:31:45.327969+00:00,members,300," OF KEY

September 3rd - 300 Members!
September 30th - 500 Me"
2026-10-01T18:31:45.327969+00:00,members,500,"embers!
September 30th - 500 Members! By Key Join ANTI-ROBLOX"
2026-10-01T18:31:45.327969+00:00,members,482, By Key Join ANTI-ROBLOX 482 members vortexians are better (i
2026-10-01T18:31:45.327969+00:00,members,441,wI Join Rarest Usernames 441 members The OFFICIAL Rare Userna
2026-10-01T18:31:45.327969+00:00,members,363,lade Join Obby Community 363 members A group for if you have 
2026-10-01T18:31:45.327969+00:00,members,285,"! By Koen Join BUSH CLUB 285 members BUSH CLUB FOREVER!!!
The"
2026-10-01T18:31:45.327969+00:00,members,241,in Wire - Volt Giveaways 241 members The Official Vortex grou
2026-10-01T18:31:45.327969+00:00,members,240,n Join First 100k Users! 240 members Only first 100k vortex u
2026-10-01T18:31:45.327969+00:00,members,217,camo Join The 2Toneverse 217 members This Is The Official Fan
2026-10-01T18:31:45.327969+00:00,members,190,Tone Join VortexCon 2026 190 members VortexCon is a community
2026-10-01T18:31:45.327969+00:00,members,167,Brainy Join Team Carmine 167 members Join Today! By Carmine J
2026-10-01T18:31:45.327969+00:00,members,151,ficial Vortex News Group 151 members This is the official gro
2026-10-01T18:31:45.327969+00:00,members,145,iny Join Vortex Builders 145 members A Group for Builders By 
2026-10-01T18:31:45.327969+00:00,members,132,y Asmo Join Vortex Mafia 132 members This is the Vortex Mafia
2026-10-01T18:31:45.327969+00:00,members,122,SharpRust Join Car Club! 122 members Join our community! We r
2026-10-01T18:31:45.327969+00:00,members,115,BlockMan Join NameSnipes 115 members The Official NameSnipes 
2026-10-01T18:31:45.327969+00:00,members,108,e Join erik2's wasteland 108 members we are the wastelanders!
2026-10-01T18:31:45.327969+00:00,members,107,res By erik2 Join kostas 107 members kostas By kostas Join Pr
2026-10-01T18:31:45.327969+00:00,members,98,repidation Productions!) 98 members the official trepidation
2026-10-01T18:31:45.327969+00:00,members,97,Iamcooldudeweee Join 777 97 members We love Gambling $$ \($_
2026-10-01T18:31:45.327969+00:00,members,94,y Catalog Join Cool Gang 94 members Join this group if you a
2026-10-01T18:31:45.327969+00:00,members,91, Jacob Join Luxs Network 91 members this is luxs network :0 
2026-10-01T18:31:45.327969+00:00,members,87,"in The Omniscient Empire 87 members The Eye Will Provide...
"
2026-10-01T18:31:45.327969+00:00,members,78,"he Glitched Purple (TGP) 78 members TGP's official group!

t"
2026-10-01T18:31:45.327969+00:00,members,77,iaTM Join Vortex Traders 77 members For all the traders and 
2026-10-01T18:31:45.327969+00:00,members,75, Hype Join Myth hunters! 75 members Welcome to vortex myth h
2026-10-01T18:31:45.327969+00:00,members,75,ths! By kiwi Join Gaming 75 members I am Gaming/Itsgaming_AU
2026-10-01T22:55:38.084911+00:00,members,3647,"xplore groups 801 Vortex 3,647 members This is the official gro"
2026-10-01T22:55:38.084911+00:00,members,2538,"veloper Join Vortex OGs! 2,538 members a group for vortex OGs t"
2026-10-01T22:55:38.084911+00:00,members,500,"
Group Creation - Aug 30
500 Members - Aug 31
1000 Members - "
2026-10-01T22:55:38.084911+00:00,members,1000," 30
500 Members - Aug 31
1000 Members - Sept 2
2500 Members - "
2026-10-01T22:55:38.084911+00:00,members,2500,"31
1000 Members - Sept 2
2500 Members - Sept 30

wow we hit 2,"
2026-10-01T22:55:38.084911+00:00,members,2500,"rs - Sept 30

wow we hit 2,500 members!!! thanks so much everyo"
2026-10-01T22:55:38.084911+00:00,members,1040," By tex Join Vortex Devs 1,040 members if u HATE coding join th"
2026-10-01T22:55:38.084911+00:00,members,764,rrito Join rareusernames 764 members join if u got a rare use
2026-10-01T22:55:38.084911+00:00,members,505,dds them By sin Join KEY 505 members Use Starcode: KEY When P
2026-10-01T22:55:38.084911+00:00,members,300," OF KEY

September 3rd - 300 Members!
September 30th - 500 Me"
2026-10-01T22:55:38.084911+00:00,members,500,"embers!
September 30th - 500 Members! By Key Join ANTI-ROBLOX"
2026-10-01T22:55:38.084911+00:00,members,482, By Key Join ANTI-ROBLOX 482 members vortexians are better (i
2026-10-01T22:55:38.084911+00:00,members,441,wI Join Rarest Usernames 441 members The OFFICIAL Rare Userna
2026-10-01T22:55:38.084911+00:00,members,366,lade Join Obby Community 366 members A group for if you have 
2026-10-01T22:55:38.084911+00:00,members,286,"! By Koen Join BUSH CLUB 286 members BUSH CLUB FOREVER!!!
The"
2026-10-01T22:55:38.084911+00:00,members,242,s Join First 100k Users! 242 members Only first 100k vortex u
2026-10-01T22:55:38.084911+00:00,members,241,in Wire - Volt Giveaways 241 members The Official Vortex grou
2026-10-01T22:55:38.084911+00:00,members,219,rian Join The 2Toneverse 219 members This Is The Official Fan
2026-10-01T22:55:38.084911+00:00,members,193,Tone Join VortexCon 2026 193 members VortexCon is a community
2026-10-01T22:55:38.084911+00:00,members,167,Brainy Join Team Carmine 167 members Join Today! By Carmine J
2026-10-01T22:55:38.084911+00:00,members,153,ficial Vortex News Group 153 members This is the official gro
2026-10-01T22:55:38.084911+00:00,members,146,iny Join Vortex Builders 146 members A Group for Builders By 
2026-10-01T22:55:38.084911+00:00,members,132,y Asmo Join Vortex Mafia 132 members This is the Vortex Mafia
2026-10-01T22:55:38.084911+00:00,members,122,SharpRust Join Car Club! 122 members Join our community! We r
2026-10-01T22:55:38.084911+00:00,members,115,BlockMan Join NameSnipes 115 members The Official NameSnipes 
2026-10-01T22:55:38.084911+00:00,members,110,e Join erik2's wasteland 110 members we are the wastelanders!
2026-10-01T22:55:38.084911+00:00,members,109,res By erik2 Join kostas 109 members kostas By kostas Join Pr
2026-10-01T22:55:38.084911+00:00,members,98,repidation Productions!) 98 members the official trepidation
2026-10-01T22:55:38.084911+00:00,members,98,Iamcooldudeweee Join 777 98 members We love Gambling $$ \($_
2026-10-01T22:55:38.084911+00:00,members,94,y Catalog Join Cool Gang 94 members Join this group if you a
2026-10-01T22:55:38.084911+00:00,members,91, Jacob Join Luxs Network 91 members this is luxs network :0 
2026-10-01T22:55:38.084911+00:00,members,87,"in The Omniscient Empire 87 members The Eye Will Provide...
"
2026-10-01T22:55:38.084911+00:00,members,78,"he Glitched Purple (TGP) 78 members TGP's official group!

t"
2026-10-01T22:55:38.084911+00:00,members,77,iaTM Join Vortex Traders 77 members For all the traders and 
2026-10-01T22:55:38.084911+00:00,members,76, Hype Join Myth hunters! 76 members Welcome to vortex myth h
2026-10-01T22:55:38.084911+00:00,members,76,ths! By kiwi Join Gaming 76 members I am Gaming/Itsgaming_AU
2026-10-02T01:58:45.009185+00:00,members,3654,"xplore groups 801 Vortex 3,654 members This is the official gro"
2026-10-02T01:58:45.009185+00:00,members,2544,"veloper Join Vortex OGs! 2,544 members a group for vortex OGs t"
2026-10-02T01:58:45.009185+00:00,members,500,"
Group Creation - Aug 30
500 Members - Aug 31
1000 Members - "
2026-10-02T01:58:45.009185+00:00,members,1000," 30
500 Members - Aug 31
1000 Members - Sept 2
2500 Members - "
2026-10-02T01:58:45.009185+00:00,members,2500,"31
1000 Members - Sept 2
2500 Members - Sept 30

wow we hit 2,"
2026-10-02T01:58:45.009185+00:00,members,2500,"rs - Sept 30

wow we hit 2,500 members!!! thanks so much everyo"
2026-10-02T01:58:45.009185+00:00,members,1041," By tex Join Vortex Devs 1,041 members if u HATE coding join th"
2026-10-02T01:58:45.009185+00:00,members,766,rrito Join rareusernames 766 members join if u got a rare use
2026-10-02T01:58:45.009185+00:00,members,505,dds them By sin Join KEY 505 members Use Starcode: KEY When P
2026-10-02T01:58:45.009185+00:00,members,300," OF KEY

September 3rd - 300 Members!
September 30th - 500 Me"
2026-10-02T01:58:45.009185+00:00,members,500,"embers!
September 30th - 500 Members! By Key Join ANTI-ROBLOX"
2026-10-02T01:58:45.009185+00:00,members,483, By Key Join ANTI-ROBLOX 483 members vortexians are better (i
2026-10-02T01:58:45.009185+00:00,members,445,wI Join Rarest Usernames 445 members The OFFICIAL Rare Userna
2026-10-02T01:58:45.009185+00:00,members,366,lade Join Obby Community 366 members A group for if you have 
2026-10-02T01:58:45.009185+00:00,members,286,"! By Koen Join BUSH CLUB 286 members BUSH CLUB FOREVER!!!
The"
2026-10-02T01:58:45.009185+00:00,members,246,s Join First 100k Users! 246 members Only first 100k vortex u
2026-10-02T01:58:45.009185+00:00,members,242,in Wire - Volt Giveaways 242 members The Official Vortex grou
2026-10-02T01:58:45.009185+00:00,members,220,rian Join The 2Toneverse 220 members This Is The Official Fan
2026-10-02T01:58:45.009185+00:00,members,193,Tone Join VortexCon 2026 193 members VortexCon is a community
2026-10-02T01:58:45.009185+00:00,members,167,Brainy Join Team Carmine 167 members Join Today! By Carmine J
2026-10-02T01:58:45.009185+00:00,members,154,ficial Vortex News Group 154 members This is the official gro
2026-10-02T01:58:45.009185+00:00,members,146,iny Join Vortex Builders 146 members A Group for Builders By 
2026-10-02T01:58:45.009185+00:00,members,135,y Asmo Join Vortex Mafia 135 members This is the Vortex Mafia
2026-10-02T01:58:45.009185+00:00,members,122,SharpRust Join Car Club! 122 members Join our community! We r
2026-10-02T01:58:45.009185+00:00,members,115,BlockMan Join NameSnipes 115 members The Official NameSnipes 
2026-10-02T01:58:45.009185+00:00,members,110,e Join erik2's wasteland 110 members we are the wastelanders!
2026-10-02T01:58:45.009185+00:00,members,109,res By erik2 Join kostas 109 members kostas By kostas Join Pr
2026-10-02T01:58:45.009185+00:00,members,98,repidation Productions!) 98 members the official trepidation
2026-10-02T01:58:45.009185+00:00,members,98,Iamcooldudeweee Join 777 98 members We love Gambling $$ \($_
2026-10-02T01:58:45.009185+00:00,members,94,y Catalog Join Cool Gang 94 members Join this group if you a
2026-10-02T01:58:45.009185+00:00,members,91, Jacob Join Luxs Network 91 members this is luxs network :0 
2026-10-02T01:58:45.009185+00:00,members,87,"in The Omniscient Empire 87 members The Eye Will Provide...
"
2026-10-02T01:58:45.009185+00:00,members,78,"he Glitched Purple (TGP) 78 members TGP's official group!

t"
2026-10-02T01:58:45.009185+00:00,members,77,iaTM Join Vortex Traders 77 members For all the traders and 
2026-10-02T01:58:45.009185+00:00,members,76, Hype Join Myth hunters! 76 members Welcome to vortex myth h
2026-10-02T01:58:45.009185+00:00,members,76,ths! By kiwi Join Gaming 76 members I am Gaming/Itsgaming_AU
2026-10-02T08:12:19.086777+00:00,members,3663,"xplore groups 803 Vortex 3,663 members This is the official gro"
2026-10-02T08:12:19.086777+00:00,members,2549,"veloper Join Vortex OGs! 2,549 members a group for vortex OGs t"
2026-10-02T08:12:19.086777+00:00,members,500,"
Group Creation - Aug 30
500 Members - Aug 31
1000 Members - "
2026-10-02T08:12:19.086777+00:00,members,1000," 30
500 Members - Aug 31
1000 Members - Sept 2
2500 Members - "
2026-10-02T08:12:19.086777+00:00,members,2500,"31
1000 Members - Sept 2
2500 Members - Sept 30

wow we hit 2,"
2026-10-02T08:12:19.086777+00:00,members,2500,"rs - Sept 30

wow we hit 2,500 members!!! thanks so much everyo"
2026-10-02T08:12:19.086777+00:00,members,1047," By tex Join Vortex Devs 1,047 members if u HATE coding join th"
2026-10-02T08:12:19.086777+00:00,members,768,rrito Join rareusernames 768 members join if u got a rare use
2026-10-02T08:12:19.086777+00:00,members,508,dds them By sin Join KEY 508 members Use Starcode: KEY When P
2026-10-02T08:12:19.086777+00:00,members,300," OF KEY

September 3rd - 300 Members!
September 30th - 500 Me"
2026-10-02T08:12:19.086777+00:00,members,500,"embers!
September 30th - 500 Members! By Key Join ANTI-ROBLOX"
2026-10-02T08:12:19.086777+00:00,members,483, By Key Join ANTI-ROBLOX 483 members vortexians are better (i
2026-10-02T08:12:19.086777+00:00,members,445,wI Join Rarest Usernames 445 members The OFFICIAL Rare Userna
2026-10-02T08:12:19.086777+00:00,members,366,lade Join Obby Community 366 members A group for if you have 
2026-10-02T08:12:19.086777+00:00,members,287,"! By Koen Join BUSH CLUB 287 members BUSH CLUB FOREVER!!!
The"
2026-10-02T08:12:19.086777+00:00,members,251,s Join First 100k Users! 251 members Only first 100k vortex u
2026-10-02T08:12:19.086777+00:00,members,243,in Wire - Volt Giveaways 243 members The Official Vortex grou
2026-10-02T08:12:19.086777+00:00,members,220,rian Join The 2Toneverse 220 members This Is The Official Fan
2026-10-02T08:12:19.086777+00:00,members,193,Tone Join VortexCon 2026 193 members VortexCon is a community
2026-10-02T08:12:19.086777+00:00,members,167,Brainy Join Team Carmine 167 members Join Today! By Carmine J
2026-10-02T08:12:19.086777+00:00,members,153,ficial Vortex News Group 153 members This is the official gro
2026-10-02T08:12:19.086777+00:00,members,146,iny Join Vortex Builders 146 members A Group for Builders By 
2026-10-02T08:12:19.086777+00:00,members,135,y Asmo Join Vortex Mafia 135 members This is the Vortex Mafia
2026-10-02T08:12:19.086777+00:00,members,123,SharpRust Join Car Club! 123 members Join our community! We r
2026-10-02T08:12:19.086777+00:00,members,115,BlockMan Join NameSnipes 115 members The Official NameSnipes 
2026-10-02T08:12:19.086777+00:00,members,111,e Join erik2's wasteland 111 members we are the wastelanders!
2026-10-02T08:12:19.086777+00:00,members,109,res By erik2 Join kostas 109 members kostas By kostas Join Pr
2026-10-02T08:12:19.086777+00:00,members,98,repidation Productions!) 98 members the official trepidation
2026-10-02T08:12:19.086777+00:00,members,98,Iamcooldudeweee Join 777 98 members We love Gambling $$ \($_
2026-10-02T08:12:19.086777+00:00,members,94,y Catalog Join Cool Gang 94 members Join this group if you a
2026-10-02T08:12:19.086777+00:00,members,93, Jacob Join Luxs Network 93 members this is luxs network :0 
2026-10-02T08:12:19.086777+00:00,members,87,"in The Omniscient Empire 87 members The Eye Will Provide...
"
2026-10-02T08:12:19.086777+00:00,members,78,"he Glitched Purple (TGP) 78 members TGP's official group!

t"
2026-10-02T08:12:19.086777+00:00,members,78,iaTM Join Vortex Traders 78 members For all the traders and 
2026-10-02T08:12:19.086777+00:00,members,77, Hype Join Myth hunters! 77 members Welcome to vortex myth h
2026-10-02T08:12:19.086777+00:00,members,76,ths! By kiwi Join Gaming 76 members I am Gaming/Itsgaming_AU
2026-10-02T19:33:49.643424+00:00,members,3669,"xplore groups 804 Vortex 3,669 members This is the official gro"
2026-10-02T19:33:49.643424+00:00,members,2554,"veloper Join Vortex OGs! 2,554 members a group for vortex OGs t"
2026-10-02T19:33:49.643424+00:00,members,500,"
Group Creation - Aug 30
500 Members - Aug 31
1000 Members - "
2026-10-02T19:33:49.643424+00:00,members,1000," 30
500 Members - Aug 31
1000 Members - Sept 2
2500 Members - "
2026-10-02T19:33:49.643424+00:00,members,2500,"31
1000 Members - Sept 2
2500 Members - Sept 30

wow we hit 2,"
2026-10-02T19:33:49.643424+00:00,members,2500,"rs - Sept 30

wow we hit 2,500 members!!! thanks so much everyo"
2026-10-02T19:33:49.643424+00:00,members,1053," By tex Join Vortex Devs 1,053 members if u HATE coding join th"
2026-10-02T19:33:49.643424+00:00,members,771,rrito Join rareusernames 771 members join if u got a rare use
2026-10-02T19:33:49.643424+00:00,members,509,dds them By sin Join KEY 509 members Use Starcode: KEY When P
2026-10-02T19:33:49.643424+00:00,members,300," OF KEY

September 3rd - 300 Members!
September 30th - 500 Me"
2026-10-02T19:33:49.643424+00:00,members,500,"embers!
September 30th - 500 Members! By Key Join ANTI-ROBLOX"
2026-10-02T19:33:49.643424+00:00,members,484, By Key Join ANTI-ROBLOX 484 members vortexians are better (i
2026-10-02T19:33:49.643424+00:00,members,452,wI Join Rarest Usernames 452 members The OFFICIAL Rare Userna
2026-10-02T19:33:49.643424+00:00,members,368,lade Join Obby Community 368 members A group for if you have 
2026-10-02T19:33:49.643424+00:00,members,287,"! By Koen Join BUSH CLUB 287 members BUSH CLUB FOREVER!!!
The"
2026-10-02T19:33:49.643424+00:00,members,253,s Join First 100k Users! 253 members Only first 100k vortex u
2026-10-02T19:33:49.643424+00:00,members,243,in Wire - Volt Giveaways 243 members The Official Vortex grou
2026-10-02T19:33:49.643424+00:00,members,220,rian Join The 2Toneverse 220 members This Is The Official Fan
2026-10-02T19:33:49.643424+00:00,members,193,Tone Join VortexCon 2026 193 members VortexCon is a community
2026-10-02T19:33:49.643424+00:00,members,167,Brainy Join Team Carmine 167 members Join Today! By Carmine J
2026-10-02T19:33:49.643424+00:00,members,153,ficial Vortex News Group 153 members This is the official gro
2026-10-02T19:33:49.643424+00:00,members,147,iny Join Vortex Builders 147 members A Group for Builders By 
2026-10-02T19:33:49.643424+00:00,members,135,y Asmo Join Vortex Mafia 135 members This is the Vortex Mafia
2026-10-02T19:33:49.643424+00:00,members,123,SharpRust Join Car Club! 123 members Join our community! We r
2026-10-02T19:33:49.643424+00:00,members,115,BlockMan Join NameSnipes 115 members The Official NameSnipes 
2026-10-02T19:33:49.643424+00:00,members,111,e Join erik2's wasteland 111 members we are the wastelanders!
2026-10-02T19:33:49.643424+00:00,members,109,res By erik2 Join kostas 109 members kostas By kostas Join Pr
2026-10-02T19:33:49.643424+00:00,members,102,repidation Productions!) 102 members The official trepidation
2026-10-02T19:33:49.643424+00:00,members,98,Iamcooldudeweee Join 777 98 members We love Gambling $$ \($_
2026-10-02T19:33:49.643424+00:00,members,94,y Catalog Join Cool Gang 94 members Join this group if you a
2026-10-02T19:33:49.643424+00:00,members,93, Jacob Join Luxs Network 93 members this is luxs network :0 
2026-10-02T19:33:49.643424+00:00,members,87,"in The Omniscient Empire 87 members The Eye Will Provide...
"
2026-10-02T19:33:49.643424+00:00,members,78,"he Glitched Purple (TGP) 78 members TGP's official group!

t"
2026-10-02T19:33:49.643424+00:00,members,78,iaTM Join Vortex Traders 78 members For all the traders and 
2026-10-02T19:33:49.643424+00:00,members,77, Hype Join Myth hunters! 77 members Welcome to vortex myth h
2026-10-02T19:33:49.643424+00:00,members,76,ths! By kiwi Join Gaming 76 members I am Gaming/Itsgaming_AU
2026-10-02T23:16:12.717880+00:00,members,3677,"xplore groups 804 Vortex 3,677 members This is the official gro"
2026-10-02T23:16:12.717880+00:00,members,2562,"veloper Join Vortex OGs! 2,562 members a group for vortex OGs t"
2026-10-02T23:16:12.717880+00:00,members,500,"
Group Creation - Aug 30
500 Members - Aug 31
1000 Members - "
2026-10-02T23:16:12.717880+00:00,members,1000," 30
500 Members - Aug 31
1000 Members - Sept 2
2500 Members - "
2026-10-02T23:16:12.717880+00:00,members,2500,"31
1000 Members - Sept 2
2500 Members - Sept 30

wow we hit 2,"
2026-10-02T23:16:12.717880+00:00,members,2500,"rs - Sept 30

wow we hit 2,500 members!!! thanks so much everyo"
2026-10-02T23:16:12.717880+00:00,members,1055," By tex Join Vortex Devs 1,055 members if u HATE coding join th"
2026-10-02T23:16:12.717880+00:00,members,773,rrito Join rareusernames 773 members join if u got a rare use
2026-10-02T23:16:12.717880+00:00,members,510,dds them By sin Join KEY 510 members Use Starcode: KEY When P
2026-10-02T23:16:12.717880+00:00,members,300," OF KEY

September 3rd - 300 Members!
September 30th - 500 Me"
2026-10-02T23:16:12.717880+00:00,members,500,"embers!
September 30th - 500 Members! By Key Join ANTI-ROBLOX"
2026-10-02T23:16:12.717880+00:00,members,487, By Key Join ANTI-ROBLOX 487 members vortexians are better (i
2026-10-02T23:16:12.717880+00:00,members,453,wI Join Rarest Usernames 453 members The OFFICIAL Rare Userna
2026-10-02T23:16:12.717880+00:00,members,368,lade Join Obby Community 368 members A group for if you have 
2026-10-02T23:16:12.717880+00:00,members,288,"! By Koen Join BUSH CLUB 288 members BUSH CLUB FOREVER!!!
The"
2026-10-02T23:16:12.717880+00:00,members,258,s Join First 100k Users! 258 members Only first 100k vortex u
2026-10-02T23:16:12.717880+00:00,members,246,in Wire - Volt Giveaways 246 members The Official Vortex grou
2026-10-02T23:16:12.717880+00:00,members,221,rian Join The 2Toneverse 221 members This Is The Official Fan
2026-10-02T23:16:12.717880+00:00,members,195,Tone Join VortexCon 2026 195 members VortexCon is a community
2026-10-02T23:16:12.717880+00:00,members,167,Brainy Join Team Carmine 167 members Join Today! By Carmine J
2026-10-02T23:16:12.717880+00:00,members,155,ficial Vortex News Group 155 members This is the official gro
2026-10-02T23:16:12.717880+00:00,members,148,iny Join Vortex Builders 148 members A Group for Builders By 
2026-10-02T23:16:12.717880+00:00,members,134,y Asmo Join Vortex Mafia 134 members This is the Vortex Mafia
2026-10-02T23:16:12.717880+00:00,members,123,SharpRust Join Car Club! 123 members Join our community! We r
2026-10-02T23:16:12.717880+00:00,members,115,BlockMan Join NameSnipes 115 members The Official NameSnipes 
2026-10-02T23:16:12.717880+00:00,members,111,e Join erik2's wasteland 111 members we are the wastelanders!
2026-10-02T23:16:12.717880+00:00,members,110,res By erik2 Join kostas 110 members kostas By kostas Join Pr
2026-10-02T23:16:12.717880+00:00,members,102,repidation Productions!) 102 members The official trepidation
2026-10-02T23:16:12.717880+00:00,members,98,Iamcooldudeweee Join 777 98 members We love Gambling $$ \($_
2026-10-02T23:16:12.717880+00:00,members,94,y Catalog Join Cool Gang 94 members Join this group if you a
2026-10-02T23:16:12.717880+00:00,members,93, Jacob Join Luxs Network 93 members this is luxs network :0 
2026-10-02T23:16:12.717880+00:00,members,87,"in The Omniscient Empire 87 members The Eye Will Provide...
"
2026-10-02T23:16:12.717880+00:00,members,79,seer Join Vortex Traders 79 members For all the traders and 
2026-10-02T23:16:12.717880+00:00,members,78, Hype Join Myth hunters! 78 members Welcome to vortex myth h
2026-10-02T23:16:12.717880+00:00,members,78,"he Glitched Purple (TGP) 78 members TGP's official group!

t"
2026-10-02T23:16:12.717880+00:00,members,76,X2f By MiaTM Join Gaming 76 members I am Gaming/Itsgaming_AU
2026-10-03T02:12:31.624646+00:00,members,3688,"xplore groups 808 Vortex 3,688 members This is the official gro"
2026-10-03T02:12:31.624646+00:00,members,2568,"veloper Join Vortex OGs! 2,568 members a group for vortex OGs t"
2026-10-03T02:12:31.624646+00:00,members,500,"
Group Creation - Aug 30
500 Members - Aug 31
1000 Members - "
2026-10-03T02:12:31.624646+00:00,members,1000," 30
500 Members - Aug 31
1000 Members - Sept 2
2500 Members - "
2026-10-03T02:12:31.624646+00:00,members,2500,"31
1000 Members - Sept 2
2500 Members - Sept 30

wow we hit 2,"
2026-10-03T02:12:31.624646+00:00,members,2500,"rs - Sept 30

wow we hit 2,500 members!!! thanks so much everyo"
2026-10-03T02:12:31.624646+00:00,members,1057," By tex Join Vortex Devs 1,057 members if u HATE coding join th"
2026-10-03T02:12:31.624646+00:00,members,775,rrito Join rareusernames 775 members join if u got a rare use
2026-10-03T02:12:31.624646+00:00,members,514,dds them By sin Join KEY 514 members Use Starcode: KEY When P
2026-10-03T02:12:31.624646+00:00,members,300," OF KEY

September 3rd - 300 Members!
September 30th - 500 Me"
2026-10-03T02:12:31.624646+00:00,members,500,"embers!
September 30th - 500 Members! By Key Join ANTI-ROBLOX"
2026-10-03T02:12:31.624646+00:00,members,490, By Key Join ANTI-ROBLOX 490 members vortexians are better (i
2026-10-03T02:12:31.624646+00:00,members,453,wI Join Rarest Usernames 453 members The OFFICIAL Rare Userna
2026-10-03T02:12:31.624646+00:00,members,371,lade Join Obby Community 371 members A group for if you have 
2026-10-03T02:12:31.624646+00:00,members,287,"! By Koen Join BUSH CLUB 287 members BUSH CLUB FOREVER!!!
The"
2026-10-03T02:12:31.624646+00:00,members,260,s Join First 100k Users! 260 members Only first 100k vortex u
2026-10-03T02:12:31.624646+00:00,members,248,in Wire - Volt Giveaways 248 members The Official Vortex grou
2026-10-03T02:12:31.624646+00:00,members,222,rian Join The 2Toneverse 222 members This Is The Official Fan
2026-10-03T02:12:31.624646+00:00,members,197,Tone Join VortexCon 2026 197 members VortexCon is a community
2026-10-03T02:12:31.624646+00:00,members,167,Brainy Join Team Carmine 167 members Join Today! By Carmine J
2026-10-03T02:12:31.624646+00:00,members,156,ficial Vortex News Group 156 members This is the official gro
2026-10-03T02:12:31.624646+00:00,members,149,iny Join Vortex Builders 149 members A Group for Builders By 
2026-10-03T02:12:31.624646+00:00,members,135,y Asmo Join Vortex Mafia 135 members This is the Vortex Mafia
2026-10-03T02:12:31.624646+00:00,members,123,SharpRust Join Car Club! 123 members Join our community! We r
2026-10-03T02:12:31.624646+00:00,members,115,BlockMan Join NameSnipes 115 members The Official NameSnipes 
2026-10-03T02:12:31.624646+00:00,members,111,e Join erik2's wasteland 111 members we are the wastelanders!
2026-10-03T02:12:31.624646+00:00,members,110,res By erik2 Join kostas 110 members kostas By kostas Join Pr
2026-10-03T02:12:31.624646+00:00,members,102,repidation Productions!) 102 members The official trepidation
2026-10-03T02:12:31.624646+00:00,members,98,Iamcooldudeweee Join 777 98 members We love Gambling $$ \($_
2026-10-03T02:12:31.624646+00:00,members,95,atalog Join Luxs Network 95 members this is luxs network :0 
2026-10-03T02:12:31.624646+00:00,members,95,tsJustLux Join Cool Gang 95 members Join this group if you a
2026-10-03T02:12:31.624646+00:00,members,87,"in The Omniscient Empire 87 members The Eye Will Provide...
"
2026-10-03T02:12:31.624646+00:00,members,80,seer Join Vortex Traders 80 members For all the traders and 
2026-10-03T02:12:31.624646+00:00,members,78, Hype Join Myth hunters! 78 members Welcome to vortex myth h
2026-10-03T02:12:31.624646+00:00,members,78,"he Glitched Purple (TGP) 78 members TGP's official group!

t"
2026-10-03T02:12:31.624646+00:00,members,76,X2f By MiaTM Join Gaming 76 members I am Gaming/Itsgaming_AU
2026-10-03T08:06:54.185966+00:00,members,3695,"xplore groups 808 Vortex 3,695 members This is the official gro"
2026-10-03T08:06:54.185966+00:00,members,2572,"veloper Join Vortex OGs! 2,572 members a group for vortex OGs t"
2026-10-03T08:06:54.185966+00:00,members,500,"
Group Creation - Aug 30
500 Members - Aug 31
1000 Members - "
2026-10-03T08:06:54.185966+00:00,members,1000," 30
500 Members - Aug 31
1000 Members - Sept 2
2500 Members - "
2026-10-03T08:06:54.185966+00:00,members,2500,"31
1000 Members - Sept 2
2500 Members - Sept 30

wow we hit 2,"
2026-10-03T08:06:54.185966+00:00,members,2500,"rs - Sept 30

wow we hit 2,500 members!!! thanks so much everyo"
2026-10-03T08:06:54.185966+00:00,members,1059," By tex Join Vortex Devs 1,059 members if u HATE coding join th"
2026-10-03T08:06:54.185966+00:00,members,777,rrito Join rareusernames 777 members join if u got a rare use
2026-10-03T08:06:54.185966+00:00,members,515,dds them By sin Join KEY 515 members Use Starcode: KEY When P
2026-10-03T08:06:54.185966+00:00,members,300," OF KEY

September 3rd - 300 Members!
September 30th - 500 Me"
2026-10-03T08:06:54.185966+00:00,members,500,"embers!
September 30th - 500 Members! By Key Join ANTI-ROBLOX"
2026-10-03T08:06:54.185966+00:00,members,491, By Key Join ANTI-ROBLOX 491 members vortexians are better (i
2026-10-03T08:06:54.185966+00:00,members,453,wI Join Rarest Usernames 453 members The OFFICIAL Rare Userna
2026-10-03T08:06:54.185966+00:00,members,371,lade Join Obby Community 371 members A group for if you have 
2026-10-03T08:06:54.185966+00:00,members,291,"! By Koen Join BUSH CLUB 291 members BUSH CLUB FOREVER!!!
The"
2026-10-03T08:06:54.185966+00:00,members,262,s Join First 100k Users! 262 members Only first 100k vortex u
2026-10-03T08:06:54.185966+00:00,members,248,in Wire - Volt Giveaways 248 members The Official Vortex grou
2026-10-03T08:06:54.185966+00:00,members,222,rian Join The 2Toneverse 222 members This Is The Official Fan
2026-10-03T08:06:54.185966+00:00,members,197,Tone Join VortexCon 2026 197 members VortexCon is a community
2026-10-03T08:06:54.185966+00:00,members,167,Brainy Join Team Carmine 167 members Join Today! By Carmine J
2026-10-03T08:06:54.185966+00:00,members,156,ficial Vortex News Group 156 members This is the official gro
2026-10-03T08:06:54.185966+00:00,members,150,iny Join Vortex Builders 150 members A Group for Builders By 
2026-10-03T08:06:54.185966+00:00,members,135,y Asmo Join Vortex Mafia 135 members This is the Vortex Mafia
2026-10-03T08:06:54.185966+00:00,members,123,SharpRust Join Car Club! 123 members Join our community! We r
2026-10-03T08:06:54.185966+00:00,members,115,BlockMan Join NameSnipes 115 members The Official NameSnipes 
2026-10-03T08:06:54.185966+00:00,members,112,e Join erik2's wasteland 112 members we are the wastelanders!
2026-10-03T08:06:54.185966+00:00,members,110,res By erik2 Join kostas 110 members kostas By kostas Join Pr
2026-10-03T08:06:54.185966+00:00,members,101,repidation Productions!) 101 members The official trepidation
2026-10-03T08:06:54.185966+00:00,members,99,deweee Join Luxs Network 99 members this is luxs network :0 
2026-10-03T08:06:54.185966+00:00,members,98,0 By ItsJustLux Join 777 98 members We love Gambling $$ \($_
2026-10-03T08:06:54.185966+00:00,members,95,y Catalog Join Cool Gang 95 members Join this group if you a
2026-10-03T08:06:54.185966+00:00,members,87,"in The Omniscient Empire 87 members The Eye Will Provide...
"
2026-10-03T08:06:54.185966+00:00,members,80,seer Join Vortex Traders 80 members For all the traders and 
2026-10-03T08:06:54.185966+00:00,members,78, Hype Join Myth hunters! 78 members Welcome to vortex myth h
2026-10-03T08:06:54.185966+00:00,members,78,"he Glitched Purple (TGP) 78 members TGP's official group!

t"
2026-10-03T08:06:54.185966+00:00,members,76,X2f By MiaTM Join Gaming 76 members I am Gaming/Itsgaming_AU
2026-10-03T13:23:12.661628+00:00,members,3713,"xplore groups 809 Vortex 3,713 members This is the official gro"
2026-10-03T13:23:12.661628+00:00,members,2585,"veloper Join Vortex OGs! 2,585 members a group for vortex OGs t"
2026-10-03T13:23:12.661628+00:00,members,500,"
Group Creation - Aug 30
500 Members - Aug 31
1000 Members - "
2026-10-03T13:23:12.661628+00:00,members,1000," 30
500 Members - Aug 31
1000 Members - Sept 2
2500 Members - "
2026-10-03T13:23:12.661628+00:00,members,2500,"31
1000 Members - Sept 2
2500 Members - Sept 30

wow we hit 2,"
2026-10-03T13:23:12.661628+00:00,members,2500,"rs - Sept 30

wow we hit 2,500 members!!! thanks so much everyo"
2026-10-03T13:23:12.661628+00:00,members,1060," By tex Join Vortex Devs 1,060 members if u HATE coding join th"
2026-10-03T13:23:12.661628+00:00,members,779,rrito Join rareusernames 779 members join if u got a rare use
2026-10-03T13:23:12.661628+00:00,members,516,dds them By sin Join KEY 516 members Use Starcode: KEY When P
2026-10-03T13:23:12.661628+00:00,members,300," OF KEY

September 3rd - 300 Members!
September 30th - 500 Me"
2026-10-03T13:23:12.661628+00:00,members,500,"embers!
September 30th - 500 Members! By Key Join ANTI-ROBLOX"
2026-10-03T13:23:12.661628+00:00,members,492, By Key Join ANTI-ROBLOX 492 members vortexians are better (i
2026-10-03T13:23:12.661628+00:00,members,460,wI Join Rarest Usernames 460 members The OFFICIAL Rare Userna
2026-10-03T13:23:12.661628+00:00,members,374,lade Join Obby Community 374 members A group for if you have 
2026-10-03T13:23:12.661628+00:00,members,292,"! By Koen Join BUSH CLUB 292 members BUSH CLUB FOREVER!!!
The"
2026-10-03T13:23:12.661628+00:00,members,265,s Join First 100k Users! 265 members Only first 100k vortex u
2026-10-03T13:23:12.661628+00:00,members,249,in Wire - Volt Giveaways 249 members The Official Vortex grou
2026-10-03T13:23:12.661628+00:00,members,222,rian Join The 2Toneverse 222 members This Is The Official Fan
2026-10-03T13:23:12.661628+00:00,members,197,Tone Join VortexCon 2026 197 members VortexCon is a community
2026-10-03T13:23:12.661628+00:00,members,167,Brainy Join Team Carmine 167 members Join Today! By Carmine J
2026-10-03T13:23:12.661628+00:00,members,156,ficial Vortex News Group 156 members This is the official gro
2026-10-03T13:23:12.661628+00:00,members,154,iny Join Vortex Builders 154 members A Group for Builders By 
2026-10-03T13:23:12.661628+00:00,members,135,y Asmo Join Vortex Mafia 135 members This is the Vortex Mafia
2026-10-03T13:23:12.661628+00:00,members,123,SharpRust Join Car Club! 123 members Join our community! We r
2026-10-03T13:23:12.661628+00:00,members,116,BlockMan Join NameSnipes 116 members The Official NameSnipes 
2026-10-03T13:23:12.661628+00:00,members,112,e Join erik2's wasteland 112 members we are the wastelanders!
2026-10-03T13:23:12.661628+00:00,members,110,res By erik2 Join kostas 110 members kostas By kostas Join Pr
2026-10-03T13:23:12.661628+00:00,members,101,repidation Productions!) 101 members The official trepidation
2026-10-03T13:23:12.661628+00:00,members,99,deweee Join Luxs Network 99 members this is luxs network :0 
2026-10-03T13:23:12.661628+00:00,members,98,0 By ItsJustLux Join 777 98 members We love Gambling $$ \($_
2026-10-03T13:23:12.661628+00:00,members,95,y Catalog Join Cool Gang 95 members Join this group if you a
2026-10-03T13:23:12.661628+00:00,members,87,"in The Omniscient Empire 87 members The Eye Will Provide...
"
2026-10-03T13:23:12.661628+00:00,members,80,seer Join Vortex Traders 80 members For all the traders and 
2026-10-03T13:23:12.661628+00:00,members,78, Hype Join Myth hunters! 78 members Welcome to vortex myth h
2026-10-03T13:23:12.661628+00:00,members,78,"he Glitched Purple (TGP) 78 members TGP's official group!

t"
2026-10-03T13:23:12.661628+00:00,members,77,X2f By MiaTM Join Gaming 77 members I am Gaming/Itsgaming_AU
2026-10-03T17:30:21.897625+00:00,members,3727,"xplore groups 810 Vortex 3,727 members This is the official gro"
2026-10-03T17:30:21.897625+00:00,members,2595,"veloper Join Vortex OGs! 2,595 members a group for vortex OGs t"
2026-10-03T17:30:21.897625+00:00,members,500,"
Group Creation - Aug 30
500 Members - Aug 31
1000 Members - "
2026-10-03T17:30:21.897625+00:00,members,1000," 30
500 Members - Aug 31
1000 Members - Sept 2
2500 Members - "
2026-10-03T17:30:21.897625+00:00,members,2500,"31
1000 Members - Sept 2
2500 Members - Sept 30

wow we hit 2,"
2026-10-03T17:30:21.897625+00:00,members,2500,"rs - Sept 30

wow we hit 2,500 members!!! thanks so much everyo"
2026-10-03T17:30:21.897625+00:00,members,1063," By tex Join Vortex Devs 1,063 members if u HATE coding join th"
2026-10-03T17:30:21.897625+00:00,members,784,rrito Join rareusernames 784 members join if u got a rare use
2026-10-03T17:30:21.897625+00:00,members,519,dds them By sin Join KEY 519 members Use Starcode: KEY When P
2026-10-03T17:30:21.897625+00:00,members,300," OF KEY

September 3rd - 300 Members!
September 30th - 500 Me"
2026-10-03T17:30:21.897625+00:00,members,500,"embers!
September 30th - 500 Members! By Key Join ANTI-ROBLOX"
2026-10-03T17:30:21.897625+00:00,members,494, By Key Join ANTI-ROBLOX 494 members vortexians are better (i
2026-10-03T17:30:21.897625+00:00,members,465,wI Join Rarest Usernames 465 members The OFFICIAL Rare Userna
2026-10-03T17:30:21.897625+00:00,members,375,lade Join Obby Community 375 members A group for if you have 
2026-10-03T17:30:21.897625+00:00,members,295,"! By Koen Join BUSH CLUB 295 members BUSH CLUB FOREVER!!!
The"
2026-10-03T17:30:21.897625+00:00,members,271,s Join First 100k Users! 271 members Only first 100k vortex u
2026-10-03T17:30:21.897625+00:00,members,249,in Wire - Volt Giveaways 249 members The Official Vortex grou
2026-10-03T17:30:21.897625+00:00,members,222,rian Join The 2Toneverse 222 members This Is The Official Fan
2026-10-03T17:30:21.897625+00:00,members,197,Tone Join VortexCon 2026 197 members VortexCon is a community
2026-10-03T17:30:21.897625+00:00,members,167,Brainy Join Team Carmine 167 members Join Today! By Carmine J
2026-10-03T17:30:21.897625+00:00,members,157,ficial Vortex News Group 157 members This is the official gro
2026-10-03T17:30:21.897625+00:00,members,154,iny Join Vortex Builders 154 members A Group for Builders By 
2026-10-03T17:30:21.897625+00:00,members,135,y Asmo Join Vortex Mafia 135 members This is the Vortex Mafia
2026-10-03T17:30:21.897625+00:00,members,123,SharpRust Join Car Club! 123 members Join our community! We r
2026-10-03T17:30:21.897625+00:00,members,116,BlockMan Join NameSnipes 116 members The Official NameSnipes 
2026-10-03T17:30:21.897625+00:00,members,112,e Join erik2's wasteland 112 members we are the wastelanders!
2026-10-03T17:30:21.897625+00:00,members,110,res By erik2 Join kostas 110 members kostas By kostas Join Pr
2026-10-03T17:30:21.897625+00:00,members,101,repidation Productions!) 101 members The official trepidation
2026-10-03T17:30:21.897625+00:00,members,100,deweee Join Luxs Network 100 members this is luxs network :0 
2026-10-03T17:30:21.897625+00:00,members,98,0 By ItsJustLux Join 777 98 members We love Gambling $$ \($_
2026-10-03T17:30:21.897625+00:00,members,95,y Catalog Join Cool Gang 95 members Join this group if you a
2026-10-03T17:30:21.897625+00:00,members,88,"in The Omniscient Empire 88 members The Eye Will Provide...
"
2026-10-03T17:30:21.897625+00:00,members,81,seer Join Vortex Traders 81 members For all the traders and 
2026-10-03T17:30:21.897625+00:00,members,78, Hype Join Myth hunters! 78 members Welcome to vortex myth h
2026-10-03T17:30:21.897625+00:00,members,78,"he Glitched Purple (TGP) 78 members TGP's official group!

t"
2026-10-03T17:30:21.897625+00:00,members,77,X2f By MiaTM Join Gaming 77 members I am Gaming/Itsgaming_AU
2026-10-03T20:08:17.562048+00:00,members,3734,"xplore groups 810 Vortex 3,734 members This is the official gro"
2026-10-03T20:08:17.562048+00:00,members,2601,"veloper Join Vortex OGs! 2,601 members a group for vortex OGs t"
2026-10-03T20:08:17.562048+00:00,members,500,"
Group Creation - Aug 30
500 Members - Aug 31
1000 Members - "
2026-10-03T20:08:17.562048+00:00,members,1000," 30
500 Members - Aug 31
1000 Members - Sept 2
2500 Members - "
2026-10-03T20:08:17.562048+00:00,members,2500,"31
1000 Members - Sept 2
2500 Members - Sept 30

wow we hit 2,"
2026-10-03T20:08:17.562048+00:00,members,2500,"rs - Sept 30

wow we hit 2,500 members!!! thanks so much everyo"
2026-10-03T20:08:17.562048+00:00,members,1067," By tex Join Vortex Devs 1,067 members if u HATE coding join th"
2026-10-03T20:08:17.562048+00:00,members,785,rrito Join rareusernames 785 members join if u got a rare use
2026-10-03T20:08:17.562048+00:00,members,520,dds them By sin Join KEY 520 members Use Starcode: KEY When P
2026-10-03T20:08:17.562048+00:00,members,300," OF KEY

September 3rd - 300 Members!
September 30th - 500 Me"
2026-10-03T20:08:17.562048+00:00,members,500,"embers!
September 30th - 500 Members! By Key Join ANTI-ROBLOX"
2026-10-03T20:08:17.562048+00:00,members,497, By Key Join ANTI-ROBLOX 497 members vortexians are better (i
2026-10-03T20:08:17.562048+00:00,members,467,wI Join Rarest Usernames 467 members The OFFICIAL Rare Userna
2026-10-03T20:08:17.562048+00:00,members,375,lade Join Obby Community 375 members A group for if you have 
2026-10-03T20:08:17.562048+00:00,members,295,"! By Koen Join BUSH CLUB 295 members BUSH CLUB FOREVER!!!
The"
2026-10-03T20:08:17.562048+00:00,members,272,s Join First 100k Users! 272 members Only first 100k vortex u
2026-10-03T20:08:17.562048+00:00,members,249,in Wire - Volt Giveaways 249 members The Official Vortex grou
2026-10-03T20:08:17.562048+00:00,members,222,rian Join The 2Toneverse 222 members This Is The Official Fan
2026-10-03T20:08:17.562048+00:00,members,197,Tone Join VortexCon 2026 197 members VortexCon is a community
2026-10-03T20:08:17.562048+00:00,members,167,Brainy Join Team Carmine 167 members Join Today! By Carmine J
2026-10-03T20:08:17.562048+00:00,members,157,ficial Vortex News Group 157 members This is the official gro
2026-10-03T20:08:17.562048+00:00,members,156,iny Join Vortex Builders 156 members A Group for Builders By 
2026-10-03T20:08:17.562048+00:00,members,135,y Asmo Join Vortex Mafia 135 members This is the Vortex Mafia
2026-10-03T20:08:17.562048+00:00,members,123,SharpRust Join Car Club! 123 members Join our community! We r
2026-10-03T20:08:17.562048+00:00,members,117,BlockMan Join NameSnipes 117 members The Official NameSnipes 
2026-10-03T20:08:17.562048+00:00,members,113,e Join erik2's wasteland 113 members we are the wastelanders!
2026-10-03T20:08:17.562048+00:00,members,110,res By erik2 Join kostas 110 members kostas By kostas Join Lu
2026-10-03T20:08:17.562048+00:00,members,101,kostas Join Luxs Network 101 members this is luxs network :0 
2026-10-03T20:08:17.562048+00:00,members,101,repidation Productions!) 101 members The official trepidation
2026-10-03T20:08:17.562048+00:00,members,98,Iamcooldudeweee Join 777 98 members We love Gambling $$ \($_
2026-10-03T20:08:17.562048+00:00,members,95,y Catalog Join Cool Gang 95 members Join this group if you a
2026-10-03T20:08:17.562048+00:00,members,88,"in The Omniscient Empire 88 members The Eye Will Provide...
"
2026-10-03T20:08:17.562048+00:00,members,81,seer Join Vortex Traders 81 members For all the traders and 
2026-10-03T20:08:17.562048+00:00,members,78, Hype Join Myth hunters! 78 members Welcome to vortex myth h
2026-10-03T20:08:17.562048+00:00,members,78,"he Glitched Purple (TGP) 78 members TGP's official group!

t"
2026-10-03T20:08:17.562048+00:00,members,77,X2f By MiaTM Join Gaming 77 members I am Gaming/Itsgaming_AU
2026-10-03T23:03:15.467102+00:00,members,3735,"xplore groups 811 Vortex 3,735 members This is the official gro"
2026-10-03T23:03:15.467102+00:00,members,2602,"veloper Join Vortex OGs! 2,602 members a group for vortex OGs t"
2026-10-03T23:03:15.467102+00:00,members,500,"
Group Creation - Aug 30
500 Members - Aug 31
1000 Members - "
2026-10-03T23:03:15.467102+00:00,members,1000," 30
500 Members - Aug 31
1000 Members - Sept 2
2500 Members - "
2026-10-03T23:03:15.467102+00:00,members,2500,"31
1000 Members - Sept 2
2500 Members - Sept 30

wow we hit 2,"
2026-10-03T23:03:15.467102+00:00,members,2500,"rs - Sept 30

wow we hit 2,500 members!!! thanks so much everyo"
2026-10-03T23:03:15.467102+00:00,members,1069," By tex Join Vortex Devs 1,069 members if u HATE coding join th"
2026-10-03T23:03:15.467102+00:00,members,787,rrito Join rareusernames 787 members join if u got a rare use
2026-10-03T23:03:15.467102+00:00,members,520,dds them By sin Join KEY 520 members Use Starcode: KEY When P
2026-10-03T23:03:15.467102+00:00,members,300," OF KEY

September 3rd - 300 Members!
September 30th - 500 Me"
2026-10-03T23:03:15.467102+00:00,members,500,"embers!
September 30th - 500 Members! By Key Join ANTI-ROBLOX"
2026-10-03T23:03:15.467102+00:00,members,497, By Key Join ANTI-ROBLOX 497 members vortexians are better (i
2026-10-03T23:03:15.467102+00:00,members,468,wI Join Rarest Usernames 468 members The OFFICIAL Rare Userna
2026-10-03T23:03:15.467102+00:00,members,375,lade Join Obby Community 375 members A group for if you have 
2026-10-03T23:03:15.467102+00:00,members,295,"! By Koen Join BUSH CLUB 295 members BUSH CLUB FOREVER!!!
The"
2026-10-03T23:03:15.467102+00:00,members,273,s Join First 100k Users! 273 members Only first 100k vortex u
2026-10-03T23:03:15.467102+00:00,members,250,in Wire - Volt Giveaways 250 members The Official Vortex grou
2026-10-03T23:03:15.467102+00:00,members,222,rian Join The 2Toneverse 222 members This Is The Official Fan
2026-10-03T23:03:15.467102+00:00,members,199,Tone Join VortexCon 2026 199 members VortexCon is a community
2026-10-03T23:03:15.467102+00:00,members,168,Brainy Join Team Carmine 168 members Join Today! By Carmine J
2026-10-03T23:03:15.467102+00:00,members,158,ficial Vortex News Group 158 members This is the official gro
2026-10-03T23:03:15.467102+00:00,members,156,iny Join Vortex Builders 156 members A Group for Builders By 
2026-10-03T23:03:15.467102+00:00,members,135,y Asmo Join Vortex Mafia 135 members This is the Vortex Mafia
2026-10-03T23:03:15.467102+00:00,members,125,SharpRust Join Car Club! 125 members Join our community! We r
2026-10-03T23:03:15.467102+00:00,members,118,BlockMan Join NameSnipes 118 members The Official NameSnipes 
2026-10-03T23:03:15.467102+00:00,members,113,e Join erik2's wasteland 113 members we are the wastelanders!
2026-10-03T23:03:15.467102+00:00,members,110,res By erik2 Join kostas 110 members kostas By kostas Join Pr
2026-10-03T23:03:15.467102+00:00,members,101,repidation Productions!) 101 members The official trepidation
2026-10-03T23:03:15.467102+00:00,members,100,deweee Join Luxs Network 100 members this is luxs network :0 
2026-10-03T23:03:15.467102+00:00,members,98,0 By ItsJustLux Join 777 98 members We love Gambling $$ \($_
2026-10-03T23:03:15.467102+00:00,members,95,y Catalog Join Cool Gang 95 members Join this group if you a
2026-10-03T23:03:15.467102+00:00,members,87,"in The Omniscient Empire 87 members The Eye Will Provide...
"
2026-10-03T23:03:15.467102+00:00,members,81,seer Join Vortex Traders 81 members For all the traders and 
2026-10-03T23:03:15.467102+00:00,members,78, Hype Join Myth hunters! 78 members Welcome to vortex myth h
2026-10-03T23:03:15.467102+00:00,members,78,"he Glitched Purple (TGP) 78 members TGP's official group!

t"
2026-10-03T23:03:15.467102+00:00,members,77,X2f By MiaTM Join Gaming 77 members I am Gaming/Itsgaming_AU
2026-10-04T02:37:55.371283+00:00,members,3743,"xplore groups 811 Vortex 3,743 members This is the official gro"
2026-10-04T02:37:55.371283+00:00,members,2607,"veloper Join Vortex OGs! 2,607 members a group for vortex OGs t"
2026-10-04T02:37:55.371283+00:00,members,500,"
Group Creation - Aug 30
500 Members - Aug 31
1000 Members - "
2026-10-04T02:37:55.371283+00:00,members,1000," 30
500 Members - Aug 31
1000 Members - Sept 2
2500 Members - "
2026-10-04T02:37:55.371283+00:00,members,2500,"31
1000 Members - Sept 2
2500 Members - Sept 30

wow we hit 2,"
2026-10-04T02:37:55.371283+00:00,members,2500,"rs - Sept 30

wow we hit 2,500 members!!! thanks so much everyo"
2026-10-04T02:37:55.371283+00:00,members,1072," By tex Join Vortex Devs 1,072 members if u HATE coding join th"
2026-10-04T02:37:55.371283+00:00,members,790,rrito Join rareusernames 790 members join if u got a rare use
2026-10-04T02:37:55.371283+00:00,members,520,dds them By sin Join KEY 520 members Use Starcode: KEY When P
2026-10-04T02:37:55.371283+00:00,members,300," OF KEY

September 3rd - 300 Members!
September 30th - 500 Me"
2026-10-04T02:37:55.371283+00:00,members,500,"embers!
September 30th - 500 Members! By Key Join ANTI-ROBLOX"
2026-10-04T02:37:55.371283+00:00,members,497, By Key Join ANTI-ROBLOX 497 members vortexians are better (i
2026-10-04T02:37:55.371283+00:00,members,470,wI Join Rarest Usernames 470 members The OFFICIAL Rare Userna
2026-10-04T02:37:55.371283+00:00,members,375,lade Join Obby Community 375 members A group for if you have 
2026-10-04T02:37:55.371283+00:00,members,297,"! By Koen Join BUSH CLUB 297 members BUSH CLUB FOREVER!!!
The"
2026-10-04T02:37:55.371283+00:00,members,274,s Join First 100k Users! 274 members Only first 100k vortex u
2026-10-04T02:37:55.371283+00:00,members,250,in Wire - Volt Giveaways 250 members The Official Vortex grou
2026-10-04T02:37:55.371283+00:00,members,222,rian Join The 2Toneverse 222 members This Is The Official Fan
2026-10-04T02:37:55.371283+00:00,members,199,Tone Join VortexCon 2026 199 members VortexCon is a community
2026-10-04T02:37:55.371283+00:00,members,168,Brainy Join Team Carmine 168 members Join Today! By Carmine J
2026-10-04T02:37:55.371283+00:00,members,159,ficial Vortex News Group 159 members This is the official gro
2026-10-04T02:37:55.371283+00:00,members,156,iny Join Vortex Builders 156 members A Group for Builders By 
2026-10-04T02:37:55.371283+00:00,members,135,y Asmo Join Vortex Mafia 135 members This is the Vortex Mafia
2026-10-04T02:37:55.371283+00:00,members,125,SharpRust Join Car Club! 125 members Join our community! We r
2026-10-04T02:37:55.371283+00:00,members,119,BlockMan Join NameSnipes 119 members The Official NameSnipes 
2026-10-04T02:37:55.371283+00:00,members,114,e Join erik2's wasteland 114 members we are the wastelanders!
2026-10-04T02:37:55.371283+00:00,members,110,res By erik2 Join kostas 110 members kostas By kostas Join Lu
2026-10-04T02:37:55.371283+00:00,members,102,kostas Join Luxs Network 102 members this is luxs network :0 
2026-10-04T02:37:55.371283+00:00,members,101,repidation Productions!) 101 members The official trepidation
2026-10-04T02:37:55.371283+00:00,members,98,Iamcooldudeweee Join 777 98 members We love Gambling $$ \($_
2026-10-04T02:37:55.371283+00:00,members,95,y Catalog Join Cool Gang 95 members Join this group if you a
2026-10-04T02:37:55.371283+00:00,members,87,"in The Omniscient Empire 87 members The Eye Will Provide...
"
2026-10-04T02:37:55.371283+00:00,members,81,seer Join Vortex Traders 81 members For all the traders and 
2026-10-04T02:37:55.371283+00:00,members,78, Hype Join Myth hunters! 78 members Welcome to vortex myth h
2026-10-04T02:37:55.371283+00:00,members,78,"he Glitched Purple (TGP) 78 members TGP's official group!

t"
2026-10-04T02:37:55.371283+00:00,members,77,X2f By MiaTM Join Gaming 77 members I am Gaming/Itsgaming_AU
2026-10-04T08:48:06.423045+00:00,members,3756,"xplore groups 811 Vortex 3,756 members This is the official gro"
2026-10-04T08:48:06.423045+00:00,members,2619,"veloper Join Vortex OGs! 2,619 members a group for vortex OGs t"
2026-10-04T08:48:06.423045+00:00,members,500,"
Group Creation - Aug 30
500 Members - Aug 31
1000 Members - "
2026-10-04T08:48:06.423045+00:00,members,1000," 30
500 Members - Aug 31
1000 Members - Sept 2
2500 Members - "
2026-10-04T08:48:06.423045+00:00,members,2500,"31
1000 Members - Sept 2
2500 Members - Sept 30

wow we hit 2,"
2026-10-04T08:48:06.423045+00:00,members,2500,"rs - Sept 30

wow we hit 2,500 members!!! thanks so much everyo"
2026-10-04T08:48:06.423045+00:00,members,1072," By tex Join Vortex Devs 1,072 members if u HATE coding join th"
2026-10-04T08:48:06.423045+00:00,members,797,rrito Join rareusernames 797 members join if u got a rare use
2026-10-04T08:48:06.423045+00:00,members,521,dds them By sin Join KEY 521 members Use Starcode: KEY When P
2026-10-04T08:48:06.423045+00:00,members,300," OF KEY

September 3rd - 300 Members!
September 30th - 500 Me"
2026-10-04T08:48:06.423045+00:00,members,500,"embers!
September 30th - 500 Members! By Key Join ANTI-ROBLOX"
2026-10-04T08:48:06.423045+00:00,members,501, By Key Join ANTI-ROBLOX 501 members vortexians are better (i
2026-10-04T08:48:06.423045+00:00,members,473,wI Join Rarest Usernames 473 members The OFFICIAL Rare Userna
2026-10-04T08:48:06.423045+00:00,members,377,lade Join Obby Community 377 members A group for if you have 
2026-10-04T08:48:06.423045+00:00,members,298,"! By Koen Join BUSH CLUB 298 members BUSH CLUB FOREVER!!!
The"
2026-10-04T08:48:06.423045+00:00,members,277,s Join First 100k Users! 277 members Only first 100k vortex u
2026-10-04T08:48:06.423045+00:00,members,251,in Wire - Volt Giveaways 251 members The Official Vortex grou
2026-10-04T08:48:06.423045+00:00,members,222,rian Join The 2Toneverse 222 members This Is The Official Fan
2026-10-04T08:48:06.423045+00:00,members,200,Tone Join VortexCon 2026 200 members VortexCon is a community
2026-10-04T08:48:06.423045+00:00,members,168,Brainy Join Team Carmine 168 members Join Today! By Carmine J
2026-10-04T08:48:06.423045+00:00,members,160,ficial Vortex News Group 160 members This is the official gro
2026-10-04T08:48:06.423045+00:00,members,157,iny Join Vortex Builders 157 members A Group for Builders By 
2026-10-04T08:48:06.423045+00:00,members,135,y Asmo Join Vortex Mafia 135 members This is the Vortex Mafia
2026-10-04T08:48:06.423045+00:00,members,126,SharpRust Join Car Club! 126 members Join our community! We r
2026-10-04T08:48:06.423045+00:00,members,120,BlockMan Join NameSnipes 120 members The Official NameSnipes 
2026-10-04T08:48:06.423045+00:00,members,115,e Join erik2's wasteland 115 members we are the wastelanders!
2026-10-04T08:48:06.423045+00:00,members,110,res By erik2 Join kostas 110 members kostas By kostas Join Lu
2026-10-04T08:48:06.423045+00:00,members,102,kostas Join Luxs Network 102 members this is luxs network :0 
2026-10-04T08:48:06.423045+00:00,members,101,repidation Productions!) 101 members The official trepidation
2026-10-04T08:48:06.423045+00:00,members,98,Iamcooldudeweee Join 777 98 members We love Gambling $$ \($_
2026-10-04T08:48:06.423045+00:00,members,95,y Catalog Join Cool Gang 95 members Join this group if you a
2026-10-04T08:48:06.423045+00:00,members,87,"in The Omniscient Empire 87 members The Eye Will Provide...
"
2026-10-04T08:48:06.423045+00:00,members,82,seer Join Vortex Traders 82 members For all the traders and 
2026-10-04T08:48:06.423045+00:00,members,79, Hype Join Myth hunters! 79 members Welcome to vortex myth h
2026-10-04T08:48:06.423045+00:00,members,78,"he Glitched Purple (TGP) 78 members TGP's official group!

t"
2026-10-04T08:48:06.423045+00:00,members,77,X2f By MiaTM Join Gaming 77 members I am Gaming/Itsgaming_AU
2026-10-04T14:36:32.493299+00:00,members,3771,"xplore groups 818 Vortex 3,771 members This is the official gro"
2026-10-04T14:36:32.493299+00:00,members,2637,"veloper Join Vortex OGs! 2,637 members a group for vortex OGs t"
2026-10-04T14:36:32.493299+00:00,members,1082," By tex Join Vortex Devs 1,082 members if u HATE coding join th"
2026-10-04T14:36:32.493299+00:00,members,802,rrito Join rareusernames 802 members join if u got a rare use
2026-10-04T14:36:32.493299+00:00,members,524,dds them By sin Join KEY 524 members Use Starcode: KEY When P
2026-10-04T14:36:32.493299+00:00,members,300," OF KEY

September 3rd - 300 Members!
September 30th - 500 Me"
2026-10-04T14:36:32.493299+00:00,members,500,"embers!
September 30th - 500 Members! By Key Join ANTI-ROBLOX"
2026-10-04T14:36:32.493299+00:00,members,504, By Key Join ANTI-ROBLOX 504 members vortexians are better (i
2026-10-04T14:36:32.493299+00:00,members,474,wI Join Rarest Usernames 474 members The OFFICIAL Rare Userna
2026-10-04T14:36:32.493299+00:00,members,378,lade Join Obby Community 378 members A group for if you have 
2026-10-04T14:36:32.493299+00:00,members,298,"! By Koen Join BUSH CLUB 298 members BUSH CLUB FOREVER!!!
The"
2026-10-04T14:36:32.493299+00:00,members,284,s Join First 100k Users! 284 members Only first 100k vortex u
2026-10-04T14:36:32.493299+00:00,members,251,in Wire - Volt Giveaways 251 members The Official Vortex grou
2026-10-04T14:36:32.493299+00:00,members,223,rian Join The 2Toneverse 223 members This Is The Official Fan
2026-10-04T14:36:32.493299+00:00,members,201,Tone Join VortexCon 2026 201 members VortexCon is a community
2026-10-04T14:36:32.493299+00:00,members,168,Brainy Join Team Carmine 168 members Join Today! By Carmine J
2026-10-04T14:36:32.493299+00:00,members,160,ficial Vortex News Group 160 members This is the official gro
2026-10-04T14:36:32.493299+00:00,members,158,iny Join Vortex Builders 158 members A Group for Builders By 
2026-10-04T14:36:32.493299+00:00,members,135,y Asmo Join Vortex Mafia 135 members This is the Vortex Mafia
2026-10-04T14:36:32.493299+00:00,members,126,SharpRust Join Car Club! 126 members Join our community! We r
2026-10-04T14:36:32.493299+00:00,members,120,BlockMan Join NameSnipes 120 members The Official NameSnipes 
2026-10-04T14:36:32.493299+00:00,members,115,e Join erik2's wasteland 115 members we are the wastelanders!
2026-10-04T14:36:32.493299+00:00,members,110,res By erik2 Join kostas 110 members kostas By kostas Join Lu
2026-10-04T14:36:32.493299+00:00,members,102,kostas Join Luxs Network 102 members this is luxs network :0 
2026-10-04T14:36:32.493299+00:00,members,101,repidation Productions!) 101 members The official trepidation
2026-10-04T14:36:32.493299+00:00,members,99,Iamcooldudeweee Join 777 99 members We love Gambling $$ \($_
2026-10-04T14:36:32.493299+00:00,members,96,y Catalog Join Cool Gang 96 members Join this group if you a
2026-10-04T14:36:32.493299+00:00,members,89,"in The Omniscient Empire 89 members The Eye Will Provide...
"
2026-10-04T14:36:32.493299+00:00,members,82,seer Join Vortex Traders 82 members For all the traders and 
2026-10-04T14:36:32.493299+00:00,members,80, Hype Join Myth hunters! 80 members Welcome to vortex myth h
2026-10-04T14:36:32.493299+00:00,members,78,"he Glitched Purple (TGP) 78 members TGP's official group!

t"
2026-10-04T14:36:32.493299+00:00,members,77,X2f By MiaTM Join Gaming 77 members I am Gaming/Itsgaming_AU
2026-10-04T18:22:37.845099+00:00,members,3784,"xplore groups 818 Vortex 3,784 members This is the official gro"
2026-10-04T18:22:37.845099+00:00,members,2648,"veloper Join Vortex OGs! 2,648 members a group for vortex OGs t"
2026-10-04T18:22:37.845099+00:00,members,1088," By tex Join Vortex Devs 1,088 members if u HATE coding join th"
2026-10-04T18:22:37.845099+00:00,members,802,rrito Join rareusernames 802 members join if u got a rare use
2026-10-04T18:22:37.845099+00:00,members,524,dds them By sin Join KEY 524 members Use Starcode: KEY When P
2026-10-04T18:22:37.845099+00:00,members,300," OF KEY

September 3rd - 300 Members!
September 30th - 500 Me"
2026-10-04T18:22:37.845099+00:00,members,500,"embers!
September 30th - 500 Members! By Key Join ANTI-ROBLOX"
2026-10-04T18:22:37.845099+00:00,members,505, By Key Join ANTI-ROBLOX 505 members vortexians are better (i
2026-10-04T18:22:37.845099+00:00,members,474,wI Join Rarest Usernames 474 members The OFFICIAL Rare Userna
2026-10-04T18:22:37.845099+00:00,members,378,lade Join Obby Community 378 members A group for if you have 
2026-10-04T18:22:37.845099+00:00,members,299,"! By Koen Join BUSH CLUB 299 members BUSH CLUB FOREVER!!!
The"
2026-10-04T18:22:37.845099+00:00,members,288,s Join First 100k Users! 288 members Only first 100k vortex u
2026-10-04T18:22:37.845099+00:00,members,251,in Wire - Volt Giveaways 251 members The Official Vortex grou
2026-10-04T18:22:37.845099+00:00,members,223,rian Join The 2Toneverse 223 members This Is The Official Fan
2026-10-04T18:22:37.845099+00:00,members,201,Tone Join VortexCon 2026 201 members VortexCon is a community
2026-10-04T18:22:37.845099+00:00,members,168,Brainy Join Team Carmine 168 members Join Today! By Carmine J
2026-10-04T18:22:37.845099+00:00,members,161,ficial Vortex News Group 161 members This is the official gro
2026-10-04T18:22:37.845099+00:00,members,158,iny Join Vortex Builders 158 members A Group for Builders By 
2026-10-04T18:22:37.845099+00:00,members,135,y Asmo Join Vortex Mafia 135 members This is the Vortex Mafia
2026-10-04T18:22:37.845099+00:00,members,127,SharpRust Join Car Club! 127 members Join our community! We r
2026-10-04T18:22:37.845099+00:00,members,120,BlockMan Join NameSnipes 120 members The Official NameSnipes 
2026-10-04T18:22:37.845099+00:00,members,115,e Join erik2's wasteland 115 members we are the wastelanders!
2026-10-04T18:22:37.845099+00:00,members,110,res By erik2 Join kostas 110 members kostas By kostas Join Lu
2026-10-04T18:22:37.845099+00:00,members,102,kostas Join Luxs Network 102 members this is luxs network :0 
2026-10-04T18:22:37.845099+00:00,members,101,repidation Productions!) 101 members The official trepidation
2026-10-04T18:22:37.845099+00:00,members,99,Iamcooldudeweee Join 777 99 members We love Gambling $$ \($_
2026-10-04T18:22:37.845099+00:00,members,96,y Catalog Join Cool Gang 96 members Join this group if you a
2026-10-04T18:22:37.845099+00:00,members,89,"in The Omniscient Empire 89 members The Eye Will Provide...
"
2026-10-04T18:22:37.845099+00:00,members,84,seer Join Vortex Traders 84 members For all the traders and 
2026-10-04T18:22:37.845099+00:00,members,82, Hype Join Myth hunters! 82 members Welcome to vortex myth h
2026-10-04T18:22:37.845099+00:00,members,78,"he Glitched Purple (TGP) 78 members TGP's official group!

t"
2026-10-04T18:22:37.845099+00:00,members,77,X2f By MiaTM Join Gaming 77 members I am Gaming/Itsgaming_AU
2026-10-04T21:45:21.996733+00:00,members,3797,"xplore groups 820 Vortex 3,797 members This is the official gro"
2026-10-04T21:45:21.996733+00:00,members,2658,"veloper Join Vortex OGs! 2,658 members a group for vortex OGs t"
2026-10-04T21:45:21.996733+00:00,members,1089," By tex Join Vortex Devs 1,089 members if u HATE coding join th"
2026-10-04T21:45:21.996733+00:00,members,805,rrito Join rareusernames 805 members join if u got a rare use
2026-10-04T21:45:21.996733+00:00,members,526,dds them By sin Join KEY 526 members Use Starcode: KEY When P
2026-10-04T21:45:21.996733+00:00,members,300," OF KEY

September 3rd - 300 Members!
September 30th - 500 Me"
2026-10-04T21:45:21.996733+00:00,members,500,"embers!
September 30th - 500 Members! By Key Join ANTI-ROBLOX"
2026-10-04T21:45:21.996733+00:00,members,510, By Key Join ANTI-ROBLOX 510 members vortexians are better (i
2026-10-04T21:45:21.996733+00:00,members,476,wI Join Rarest Usernames 476 members The OFFICIAL Rare Userna
2026-10-04T21:45:21.996733+00:00,members,378,lade Join Obby Community 378 members A group for if you have 
2026-10-04T21:45:21.996733+00:00,members,301,"! By Koen Join BUSH CLUB 301 members BUSH CLUB FOREVER!!!
The"
2026-10-04T21:45:21.996733+00:00,members,292,s Join First 100k Users! 292 members Only first 100k vortex u
2026-10-04T21:45:21.996733+00:00,members,253,in Wire - Volt Giveaways 253 members The Official Vortex grou
2026-10-04T21:45:21.996733+00:00,members,223,rian Join The 2Toneverse 223 members This Is The Official Fan
2026-10-04T21:45:21.996733+00:00,members,201,Tone Join VortexCon 2026 201 members VortexCon is a community
2026-10-04T21:45:21.996733+00:00,members,168,Brainy Join Team Carmine 168 members Join Today! By Carmine J
2026-10-04T21:45:21.996733+00:00,members,162,ficial Vortex News Group 162 members This is the official gro
2026-10-04T21:45:21.996733+00:00,members,158,iny Join Vortex Builders 158 members A Group for Builders By 
2026-10-04T21:45:21.996733+00:00,members,136,y Asmo Join Vortex Mafia 136 members This is the Vortex Mafia
2026-10-04T21:45:21.996733+00:00,members,127,SharpRust Join Car Club! 127 members Join our community! We r
2026-10-04T21:45:21.996733+00:00,members,121,BlockMan Join NameSnipes 121 members The Official NameSnipes 
2026-10-04T21:45:21.996733+00:00,members,116,e Join erik2's wasteland 116 members we are the wastelanders!
2026-10-04T21:45:21.996733+00:00,members,110,res By erik2 Join kostas 110 members kostas By kostas Join Lu
2026-10-04T21:45:21.996733+00:00,members,104,kostas Join Luxs Network 104 members this is luxs network :0 
2026-10-04T21:45:21.996733+00:00,members,101,repidation Productions!) 101 members The official trepidation
2026-10-04T21:45:21.996733+00:00,members,99,Iamcooldudeweee Join 777 99 members We love Gambling $$ \($_
2026-10-04T21:45:21.996733+00:00,members,99,y Catalog Join Cool Gang 99 members Join this group if you a
2026-10-04T21:45:21.996733+00:00,members,89,"in The Omniscient Empire 89 members The Eye Will Provide...
"
2026-10-04T21:45:21.996733+00:00,members,84,seer Join Vortex Traders 84 members For all the traders and 
2026-10-04T21:45:21.996733+00:00,members,83, Hype Join Myth hunters! 83 members Welcome to vortex myth h
2026-10-04T21:45:21.996733+00:00,members,78,"he Glitched Purple (TGP) 78 members TGP's official group!

t"
2026-10-04T21:45:21.996733+00:00,members,77,X2f By MiaTM Join Gaming 77 members I am Gaming/Itsgaming_AU
2026-10-05T00:13:31.757574+00:00,members,3802,"xplore groups 823 Vortex 3,802 members This is the official gro"
2026-10-05T00:13:31.757574+00:00,members,2663,"veloper Join Vortex OGs! 2,663 members a group for vortex OGs t"
2026-10-05T00:13:31.757574+00:00,members,1089," By tex Join Vortex Devs 1,089 members if u HATE coding join th"
2026-10-05T00:13:31.757574+00:00,members,805,rrito Join rareusernames 805 members join if u got a rare use
2026-10-05T00:13:31.757574+00:00,members,526,dds them By sin Join KEY 526 members Use Starcode: KEY When P
2026-10-05T00:13:31.757574+00:00,members,300," OF KEY

September 3rd - 300 Members!
September 30th - 500 Me"
2026-10-05T00:13:31.757574+00:00,members,500,"embers!
September 30th - 500 Members! By Key Join ANTI-ROBLOX"
2026-10-05T00:13:31.757574+00:00,members,511, By Key Join ANTI-ROBLOX 511 members vortexians are better (i
2026-10-05T00:13:31.757574+00:00,members,476,wI Join Rarest Usernames 476 members The OFFICIAL Rare Userna
2026-10-05T00:13:31.757574+00:00,members,378,lade Join Obby Community 378 members A group for if you have 
2026-10-05T00:13:31.757574+00:00,members,301,"! By Koen Join BUSH CLUB 301 members BUSH CLUB FOREVER!!!
The"
2026-10-05T00:13:31.757574+00:00,members,293,s Join First 100k Users! 293 members Only first 100k vortex u
2026-10-05T00:13:31.757574+00:00,members,253,in Wire - Volt Giveaways 253 members The Official Vortex grou
2026-10-05T00:13:31.757574+00:00,members,223,rian Join The 2Toneverse 223 members This Is The Official Fan
2026-10-05T00:13:31.757574+00:00,members,201,Tone Join VortexCon 2026 201 members VortexCon is a community
2026-10-05T00:13:31.757574+00:00,members,168,Brainy Join Team Carmine 168 members Join Today! By Carmine J
2026-10-05T00:13:31.757574+00:00,members,162,ficial Vortex News Group 162 members This is the official gro
2026-10-05T00:13:31.757574+00:00,members,158,iny Join Vortex Builders 158 members A Group for Builders By 
2026-10-05T00:13:31.757574+00:00,members,136,y Asmo Join Vortex Mafia 136 members This is the Vortex Mafia
2026-10-05T00:13:31.757574+00:00,members,127,SharpRust Join Car Club! 127 members Join our community! We r
2026-10-05T00:13:31.757574+00:00,members,122,BlockMan Join NameSnipes 122 members The Official NameSnipes 
2026-10-05T00:13:31.757574+00:00,members,116,e Join erik2's wasteland 116 members we are the wastelanders!
2026-10-05T00:13:31.757574+00:00,members,110,res By erik2 Join kostas 110 members kostas By kostas Join Lu
2026-10-05T00:13:31.757574+00:00,members,105,kostas Join Luxs Network 105 members starcode: lux By ItsJust
2026-10-05T00:13:31.757574+00:00,members,101,repidation Productions!) 101 members The official trepidation
2026-10-05T00:13:31.757574+00:00,members,99,Iamcooldudeweee Join 777 99 members We love Gambling $$ \($_
2026-10-05T00:13:31.757574+00:00,members,99,y Catalog Join Cool Gang 99 members Join this group if you a
2026-10-05T00:13:31.757574+00:00,members,89,"in The Omniscient Empire 89 members The Eye Will Provide...
"
2026-10-05T00:13:31.757574+00:00,members,84,seer Join Vortex Traders 84 members For all the traders and 
2026-10-05T00:13:31.757574+00:00,members,83, Hype Join Myth hunters! 83 members Welcome to vortex myth h
2026-10-05T00:13:31.757574+00:00,members,78,"he Glitched Purple (TGP) 78 members TGP's official group!

t"
2026-10-05T00:13:31.757574+00:00,members,77,X2f By MiaTM Join Gaming 77 members I am Gaming/Itsgaming_AU
2026-10-05T05:43:48.054897+00:00,members,3818,"xplore groups 822 Vortex 3,818 members This is the official gro"
2026-10-05T05:43:48.054897+00:00,members,2670,"veloper Join Vortex OGs! 2,670 members a group for vortex OGs t"
2026-10-05T05:43:48.054897+00:00,members,1092," By tex Join Vortex Devs 1,092 members if u HATE coding join th"
2026-10-05T05:43:48.054897+00:00,members,809,rrito Join rareusernames 809 members join if u got a rare use
2026-10-05T05:43:48.054897+00:00,members,529,dds them By sin Join KEY 529 members Use Starcode: KEY When P
2026-10-05T05:43:48.054897+00:00,members,300," OF KEY

September 3rd - 300 Members!
September 30th - 500 Me"
2026-10-05T05:43:48.054897+00:00,members,500,"embers!
September 30th - 500 Members! By Key Join ANTI-ROBLOX"
2026-10-05T05:43:48.054897+00:00,members,511, By Key Join ANTI-ROBLOX 511 members vortexians are better (i
2026-10-05T05:43:48.054897+00:00,members,489,wI Join Rarest Usernames 489 members The OFFICIAL Rare Userna
2026-10-05T05:43:48.054897+00:00,members,378,lade Join Obby Community 378 members A group for if you have 
2026-10-05T05:43:48.054897+00:00,members,301,"! By Koen Join BUSH CLUB 301 members BUSH CLUB FOREVER!!!
The"
2026-10-05T05:43:48.054897+00:00,members,295,s Join First 100k Users! 295 members Only first 100k vortex u
2026-10-05T05:43:48.054897+00:00,members,253,in Wire - Volt Giveaways 253 members The Official Vortex grou
2026-10-05T05:43:48.054897+00:00,members,223,rian Join The 2Toneverse 223 members This Is The Official Fan
2026-10-05T05:43:48.054897+00:00,members,201,Tone Join VortexCon 2026 201 members VortexCon is a community
2026-10-05T05:43:48.054897+00:00,members,169,Brainy Join Team Carmine 169 members Join Today! By Carmine J
2026-10-05T05:43:48.054897+00:00,members,162,ficial Vortex News Group 162 members This is the official gro
2026-10-05T05:43:48.054897+00:00,members,158,iny Join Vortex Builders 158 members A Group for Builders By 
2026-10-05T05:43:48.054897+00:00,members,137,y Asmo Join Vortex Mafia 137 members This is the Vortex Mafia
2026-10-05T05:43:48.054897+00:00,members,128,SharpRust Join Car Club! 128 members Join our community! We r
2026-10-05T05:43:48.054897+00:00,members,122,BlockMan Join NameSnipes 122 members The Official NameSnipes 
2026-10-05T05:43:48.054897+00:00,members,116,e Join erik2's wasteland 116 members we are the wastelanders!
2026-10-05T05:43:48.054897+00:00,members,110,res By erik2 Join kostas 110 members kostas By kostas Join Lu
2026-10-05T05:43:48.054897+00:00,members,104,kostas Join Luxs Network 104 members starcode: lux By ItsJust
2026-10-05T05:43:48.054897+00:00,members,101,repidation Productions!) 101 members The official trepidation
2026-10-05T05:43:48.054897+00:00,members,99,Iamcooldudeweee Join 777 99 members We love Gambling $$ \($_
2026-10-05T05:43:48.054897+00:00,members,99,y Catalog Join Cool Gang 99 members Join this group if you a
2026-10-05T05:43:48.054897+00:00,members,89,"in The Omniscient Empire 89 members The Eye Will Provide...
"
2026-10-05T05:43:48.054897+00:00,members,85,seer Join Vortex Traders 85 members For all the traders and 
2026-10-05T05:43:48.054897+00:00,members,84, Hype Join Myth hunters! 84 members Welcome to vortex myth h
2026-10-05T05:43:48.054897+00:00,members,79,By kiwi Join Chimes gang 79 members Lets get to the front pa
2026-10-05T05:43:48.054897+00:00,members,78,"he Glitched Purple (TGP) 78 members TGP's official group!

t"
2026-10-05T12:41:38.713456+00:00,members,3824,"xplore groups 823 Vortex 3,824 members This is the official gro"
2026-10-05T12:41:38.713456+00:00,members,2673,"veloper Join Vortex OGs! 2,673 members a group for vortex OGs t"
2026-10-05T12:41:38.713456+00:00,members,1093," By tex Join Vortex Devs 1,093 members if u HATE coding join th"
2026-10-05T12:41:38.713456+00:00,members,811,rrito Join rareusernames 811 members join if u got a rare use
2026-10-05T12:41:38.713456+00:00,members,531,dds them By sin Join KEY 531 members Use Starcode: KEY When P
2026-10-05T12:41:38.713456+00:00,members,300," OF KEY

September 3rd - 300 Members!
September 30th - 500 Me"
2026-10-05T12:41:38.713456+00:00,members,500,"embers!
September 30th - 500 Members! By Key Join ANTI-ROBLOX"
2026-10-05T12:41:38.713456+00:00,members,512, By Key Join ANTI-ROBLOX 512 members vortexians are better (i
2026-10-05T12:41:38.713456+00:00,members,489,wI Join Rarest Usernames 489 members The OFFICIAL Rare Userna
2026-10-05T12:41:38.713456+00:00,members,379,lade Join Obby Community 379 members A group for if you have 
2026-10-05T12:41:38.713456+00:00,members,302,"! By Koen Join BUSH CLUB 302 members BUSH CLUB FOREVER!!!
The"
2026-10-05T12:41:38.713456+00:00,members,296,s Join First 100k Users! 296 members Only first 100k vortex u
2026-10-05T12:41:38.713456+00:00,members,254,in Wire - Volt Giveaways 254 members The Official Vortex grou
2026-10-05T12:41:38.713456+00:00,members,224,rian Join The 2Toneverse 224 members This Is The Official Fan
2026-10-05T12:41:38.713456+00:00,members,202,Tone Join VortexCon 2026 202 members VortexCon is a community
2026-10-05T12:41:38.713456+00:00,members,170,Brainy Join Team Carmine 170 members Join Today! By Carmine J
2026-10-05T12:41:38.713456+00:00,members,163,ficial Vortex News Group 163 members This is the official gro
2026-10-05T12:41:38.713456+00:00,members,159,iny Join Vortex Builders 159 members A Group for Builders By 
2026-10-05T12:41:38.713456+00:00,members,138,y Asmo Join Vortex Mafia 138 members This is the Vortex Mafia
2026-10-05T12:41:38.713456+00:00,members,129,SharpRust Join Car Club! 129 members Join our community! We r
2026-10-05T12:41:38.713456+00:00,members,123,BlockMan Join NameSnipes 123 members The Official NameSnipes 
2026-10-05T12:41:38.713456+00:00,members,117,e Join erik2's wasteland 117 members we are the wastelanders!
2026-10-05T12:41:38.713456+00:00,members,111,res By erik2 Join kostas 111 members kostas By kostas Join Lu
2026-10-05T12:41:38.713456+00:00,members,105,kostas Join Luxs Network 105 members starcode: lux By ItsJust
2026-10-05T12:41:38.713456+00:00,members,101,repidation Productions!) 101 members The official trepidation
2026-10-05T12:41:38.713456+00:00,members,99,Iamcooldudeweee Join 777 99 members We love Gambling $$ \($_
2026-10-05T12:41:38.713456+00:00,members,99,y Catalog Join Cool Gang 99 members Join this group if you a
2026-10-05T12:41:38.713456+00:00,members,89,"in The Omniscient Empire 89 members The Eye Will Provide...
"
2026-10-05T12:41:38.713456+00:00,members,85,seer Join Vortex Traders 85 members For all the traders and 
2026-10-05T12:41:38.713456+00:00,members,84, Hype Join Myth hunters! 84 members Welcome to vortex myth h
2026-10-05T12:41:38.713456+00:00,members,82,By kiwi Join Chimes gang 82 members Lets get to the top of t
2026-10-05T12:41:38.713456+00:00,members,78,"he Glitched Purple (TGP) 78 members TGP's official group!

t"
2026-10-06T01:39:27.408621+00:00,members,3917,"xplore groups 838 Vortex 3,917 members This is the official gro"
2026-10-06T01:39:27.408621+00:00,members,2756,"veloper Join Vortex OGs! 2,756 members a group for vortex OGs t"
2026-10-06T01:39:27.408621+00:00,members,1118," By tex Join Vortex Devs 1,118 members if u HATE coding join th"
2026-10-06T01:39:27.408621+00:00,members,824,rrito Join rareusernames 824 members join if u got a rare use
2026-10-06T01:39:27.408621+00:00,members,540,dds them By sin Join KEY 540 members Use Starcode: KEY When P
2026-10-06T01:39:27.408621+00:00,members,300," OF KEY

September 3rd - 300 Members!
September 30th - 500 Me"
2026-10-06T01:39:27.408621+00:00,members,500,"embers!
September 30th - 500 Members! By Key Join ANTI-ROBLOX"
2026-10-06T01:39:27.408621+00:00,members,519, By Key Join ANTI-ROBLOX 519 members vortexians are better (i
2026-10-06T01:39:27.408621+00:00,members,509,wI Join Rarest Usernames 509 members The OFFICIAL Rare Userna
2026-10-06T01:39:27.408621+00:00,members,389,lade Join Obby Community 389 members A group for if you have 
2026-10-06T01:39:27.408621+00:00,members,317,n Join First 100k Users! 317 members Only first 100k vortex u
2026-10-06T01:39:27.408621+00:00,members,306,"! By camo Join BUSH CLUB 306 members BUSH CLUB FOREVER!!!
The"
2026-10-06T01:39:27.408621+00:00,members,256,in Wire - Volt Giveaways 256 members The Official Vortex grou
2026-10-06T01:39:27.408621+00:00,members,225,rian Join The 2Toneverse 225 members This Is The Official Fan
2026-10-06T01:39:27.408621+00:00,members,207,Tone Join VortexCon 2026 207 members VortexCon is a community
2026-10-06T01:39:27.408621+00:00,members,171,ficial Vortex News Group 171 members This is the official gro
2026-10-06T01:39:27.408621+00:00,members,171,Brainy Join Team Carmine 171 members Join Today! By Carmine J
2026-10-06T01:39:27.408621+00:00,members,164,ine Join Vortex Builders 164 members A Group for Builders By 
2026-10-06T01:39:27.408621+00:00,members,141,y Asmo Join Vortex Mafia 141 members This is the Vortex Mafia
2026-10-06T01:39:27.408621+00:00,members,130,SharpRust Join Car Club! 130 members Join our community! We r
2026-10-06T01:39:27.408621+00:00,members,127,BlockMan Join NameSnipes 127 members The Official NameSnipes 
2026-10-06T01:39:27.408621+00:00,members,118,e Join erik2's wasteland 118 members we are the wastelanders!
2026-10-06T01:39:27.408621+00:00,members,111,res By erik2 Join kostas 111 members kostas By kostas Join Lu
2026-10-06T01:39:27.408621+00:00,members,107,kostas Join Luxs Network 107 members starcode: lux By ItsJust
2026-10-06T01:39:27.408621+00:00,members,102,repidation Productions!) 102 members The official trepidation
2026-10-06T01:39:27.408621+00:00,members,100,ldudeweee Join Cool Gang 100 members Join this group if you a
2026-10-06T01:39:27.408621+00:00,members,99, cool. By Jacob Join 777 99 members We love Gambling $$ \($_
2026-10-06T01:39:27.408621+00:00,members,92,"in The Omniscient Empire 92 members The Eye Will Provide...
"
2026-10-06T01:39:27.408621+00:00,members,88,verseer Join Chimes gang 88 members Lets get to the top of t
2026-10-06T01:39:27.408621+00:00,members,88,Chime Join Myth hunters! 88 members Welcome to vortex myth h
2026-10-06T01:39:27.408621+00:00,members,86,kiwi Join Vortex Traders 86 members For all the traders and 
2026-10-06T01:39:27.408621+00:00,members,79,"he Glitched Purple (TGP) 79 members TGP's official group!

t"
2026-10-06T08:08:49.843330+00:00,members,3949,"xplore groups 838 Vortex 3,949 members This is the official gro"
2026-10-06T08:08:49.843330+00:00,members,2783,"veloper Join Vortex OGs! 2,783 members a group for vortex OGs t"
2026-10-06T08:08:49.843330+00:00,members,1128," By tex Join Vortex Devs 1,128 members if u HATE coding join th"
2026-10-06T08:08:49.843330+00:00,members,838,rrito Join rareusernames 838 members join if u got a rare use
2026-10-06T08:08:49.843330+00:00,members,542,dds them By sin Join KEY 542 members Use Starcode: KEY When P
2026-10-06T08:08:49.843330+00:00,members,300," OF KEY

September 3rd - 300 Members!
September 30th - 500 Me"
2026-10-06T08:08:49.843330+00:00,members,500,"embers!
September 30th - 500 Members! By Key Join ANTI-ROBLOX"
2026-10-06T08:08:49.843330+00:00,members,522, By Key Join ANTI-ROBLOX 522 members vortexians are better (i
2026-10-06T08:08:49.843330+00:00,members,519,wI Join Rarest Usernames 519 members The OFFICIAL Rare Userna
2026-10-06T08:08:49.843330+00:00,members,390,lade Join Obby Community 390 members A group for if you have 
2026-10-06T08:08:49.843330+00:00,members,326,n Join First 100k Users! 326 members Only first 100k vortex u
2026-10-06T08:08:49.843330+00:00,members,306,"! By camo Join BUSH CLUB 306 members BUSH CLUB FOREVER!!!
The"
2026-10-06T08:08:49.843330+00:00,members,259,in Wire - Volt Giveaways 259 members The Official Vortex grou
2026-10-06T08:08:49.843330+00:00,members,225,rian Join The 2Toneverse 225 members This Is The Official Fan
2026-10-06T08:08:49.843330+00:00,members,208,Tone Join VortexCon 2026 208 members VortexCon is a community
2026-10-06T08:08:49.843330+00:00,members,173,ficial Vortex News Group 173 members This is the official gro
2026-10-06T08:08:49.843330+00:00,members,171,Brainy Join Team Carmine 171 members Join Today! By Carmine J
2026-10-06T08:08:49.843330+00:00,members,164,ine Join Vortex Builders 164 members A Group for Builders By 
2026-10-06T08:08:49.843330+00:00,members,142,y Asmo Join Vortex Mafia 142 members This is the Vortex Mafia
2026-10-06T08:08:49.843330+00:00,members,130,SharpRust Join Car Club! 130 members Join our community! We r
2026-10-06T08:08:49.843330+00:00,members,127,BlockMan Join NameSnipes 127 members The Official NameSnipes 
2026-10-06T08:08:49.843330+00:00,members,121,e Join erik2's wasteland 121 members we are the wastelanders!
2026-10-06T08:08:49.843330+00:00,members,111,res By erik2 Join kostas 111 members kostas By kostas Join Lu
2026-10-06T08:08:49.843330+00:00,members,108,kostas Join Luxs Network 108 members starcode: lux By ItsJust
2026-10-06T08:08:49.843330+00:00,members,102,repidation Productions!) 102 members The official trepidation
2026-10-06T08:08:49.843330+00:00,members,101,udeweee Join Chimes gang 101 members Lets get to the top of t
2026-10-06T08:08:49.843330+00:00,members,101, By Chime Join Cool Gang 101 members Join this group if you a
2026-10-06T08:08:49.843330+00:00,members,99, cool. By Jacob Join 777 99 members We love Gambling $$ \($_
2026-10-06T08:08:49.843330+00:00,members,92,"in The Omniscient Empire 92 members The Eye Will Provide...
"
2026-10-06T08:08:49.843330+00:00,members,89,rseer Join Myth hunters! 89 members Welcome to vortex myth h
2026-10-06T08:08:49.843330+00:00,members,87,kiwi Join Vortex Traders 87 members For all the traders and 
2026-10-06T08:08:49.843330+00:00,members,79,"he Glitched Purple (TGP) 79 members TGP's official group!

t"
2026-10-06T15:11:00.816641+00:00,members,3976,"xplore groups 840 Vortex 3,976 members This is the official gro"
2026-10-06T15:11:00.816641+00:00,members,2808,"veloper Join Vortex OGs! 2,808 members a group for vortex OGs t"
2026-10-06T15:11:00.816641+00:00,members,1134," By tex Join Vortex Devs 1,134 members if u HATE coding join th"
2026-10-06T15:11:00.816641+00:00,members,845,rrito Join rareusernames 845 members join if u got a rare use
2026-10-06T15:11:00.816641+00:00,members,544,dds them By sin Join KEY 544 members Use Starcode: KEY When P
2026-10-06T15:11:00.816641+00:00,members,300," OF KEY

September 3rd - 300 Members!
September 30th - 500 Me"
2026-10-06T15:11:00.816641+00:00,members,500,"embers!
September 30th - 500 Members! By Key Join ANTI-ROBLOX"
2026-10-06T15:11:00.816641+00:00,members,527, By Key Join ANTI-ROBLOX 527 members vortexians are better (i
2026-10-06T15:11:00.816641+00:00,members,523,wI Join Rarest Usernames 523 members The OFFICIAL Rare Userna
2026-10-06T15:11:00.816641+00:00,members,392,lade Join Obby Community 392 members A group for if you have 
2026-10-06T15:11:00.816641+00:00,members,333,n Join First 100k Users! 333 members Only first 100k vortex u
2026-10-06T15:11:00.816641+00:00,members,308,"! By camo Join BUSH CLUB 308 members BUSH CLUB FOREVER!!!
The"
2026-10-06T15:11:00.816641+00:00,members,261,in Wire - Volt Giveaways 261 members The Official Vortex grou
2026-10-06T15:11:00.816641+00:00,members,226,rian Join The 2Toneverse 226 members This Is The Official Fan
2026-10-06T15:11:00.816641+00:00,members,209,Tone Join VortexCon 2026 209 members VortexCon is a community
2026-10-06T15:11:00.816641+00:00,members,176,ficial Vortex News Group 176 members This is the official gro
2026-10-06T15:11:00.816641+00:00,members,173,Brainy Join Team Carmine 173 members Join Today! By Carmine J
2026-10-06T15:11:00.816641+00:00,members,165,ine Join Vortex Builders 165 members A Group for Builders By 
2026-10-06T15:11:00.816641+00:00,members,143,y Asmo Join Vortex Mafia 143 members This is the Vortex Mafia
2026-10-06T15:11:00.816641+00:00,members,132,SharpRust Join Car Club! 132 members Join our community! We r
2026-10-06T15:11:00.816641+00:00,members,128,BlockMan Join NameSnipes 128 members The Official NameSnipes 
2026-10-06T15:11:00.816641+00:00,members,122,e Join erik2's wasteland 122 members we are the wastelanders!
2026-10-06T15:11:00.816641+00:00,members,113,res By erik2 Join kostas 113 members kostas By kostas Join Lu
2026-10-06T15:11:00.816641+00:00,members,109,kostas Join Luxs Network 109 members starcode: lux By ItsJust
2026-10-06T15:11:00.816641+00:00,members,103,JustLux Join Chimes gang 103 members Lets get to the top of t
2026-10-06T15:11:00.816641+00:00,members,103,repidation Productions!) 103 members The official trepidation
2026-10-06T15:11:00.816641+00:00,members,102,ldudeweee Join Cool Gang 102 members Join this group if you a
2026-10-06T15:11:00.816641+00:00,members,100, cool. By Jacob Join 777 100 members We love Gambling $$ \($_
2026-10-06T15:11:00.816641+00:00,members,93,talog Join Myth hunters! 93 members Welcome to vortex myth h
2026-10-06T15:11:00.816641+00:00,members,93,"in The Omniscient Empire 93 members The Eye Will Provide...
"
2026-10-06T15:11:00.816641+00:00,members,88,seer Join Vortex Traders 88 members For all the traders and 
2026-10-06T15:11:00.816641+00:00,members,80,"he Glitched Purple (TGP) 80 members TGP's official group!

t"
2026-10-06T20:19:18.703994+00:00,members,3989,"xplore groups 843 Vortex 3,989 members This is the official gro"
2026-10-06T20:19:18.703994+00:00,members,2815,"veloper Join Vortex OGs! 2,815 members a group for vortex OGs t"
2026-10-06T20:19:18.703994+00:00,members,1140," By tex Join Vortex Devs 1,140 members if u HATE coding join th"
2026-10-06T20:19:18.703994+00:00,members,851,rrito Join rareusernames 851 members join if u got a rare use
2026-10-06T20:19:18.703994+00:00,members,544,dds them By sin Join KEY 544 members Use Starcode: KEY When P
2026-10-06T20:19:18.703994+00:00,members,300," OF KEY

September 3rd - 300 Members!
September 30th - 500 Me"
2026-10-06T20:19:18.703994+00:00,members,500,"embers!
September 30th - 500 Members! By Key Join ANTI-ROBLOX"
2026-10-06T20:19:18.703994+00:00,members,527, By Key Join ANTI-ROBLOX 527 members vortexians are better (i
2026-10-06T20:19:18.703994+00:00,members,523,wI Join Rarest Usernames 523 members The OFFICIAL Rare Userna
2026-10-06T20:19:18.703994+00:00,members,393,lade Join Obby Community 393 members A group for if you have 
2026-10-06T20:19:18.703994+00:00,members,334,n Join First 100k Users! 334 members Only first 100k vortex u
2026-10-06T20:19:18.703994+00:00,members,311,"! By camo Join BUSH CLUB 311 members BUSH CLUB FOREVER!!!
The"
2026-10-06T20:19:18.703994+00:00,members,261,in Wire - Volt Giveaways 261 members The Official Vortex grou
2026-10-06T20:19:18.703994+00:00,members,226,rian Join The 2Toneverse 226 members This Is The Official Fan
2026-10-06T20:19:18.703994+00:00,members,212,Tone Join VortexCon 2026 212 members VortexCon is a community
2026-10-06T20:19:18.703994+00:00,members,180,ficial Vortex News Group 180 members This is the official gro
2026-10-06T20:19:18.703994+00:00,members,173,Brainy Join Team Carmine 173 members Join Today! By Carmine J
2026-10-06T20:19:18.703994+00:00,members,165,ine Join Vortex Builders 165 members A Group for Builders By 
2026-10-06T20:19:18.703994+00:00,members,144,y Asmo Join Vortex Mafia 144 members This is the Vortex Mafia
2026-10-06T20:19:18.703994+00:00,members,132,SharpRust Join Car Club! 132 members Join our community! We r
2026-10-06T20:19:18.703994+00:00,members,128,BlockMan Join NameSnipes 128 members The Official NameSnipes 
2026-10-06T20:19:18.703994+00:00,members,123,e Join erik2's wasteland 123 members we are the wastelanders!
2026-10-06T20:19:18.703994+00:00,members,113,res By erik2 Join kostas 113 members kostas By kostas Join Lu
2026-10-06T20:19:18.703994+00:00,members,109,kostas Join Luxs Network 109 members starcode: lux By ItsJust
2026-10-06T20:19:18.703994+00:00,members,103,JustLux Join Chimes gang 103 members Lets get to the top of t
2026-10-06T20:19:18.703994+00:00,members,103,repidation Productions!) 103 members The official trepidation
2026-10-06T20:19:18.703994+00:00,members,102,ldudeweee Join Cool Gang 102 members Join this group if you a
2026-10-06T20:19:18.703994+00:00,members,100, cool. By Jacob Join 777 100 members We love Gambling $$ \($_
2026-10-06T20:19:18.703994+00:00,members,94,talog Join Myth hunters! 94 members Welcome to vortex myth h
2026-10-06T20:19:18.703994+00:00,members,93,"in The Omniscient Empire 93 members The Eye Will Provide...
"
2026-10-06T20:19:18.703994+00:00,members,90,seer Join Vortex Traders 90 members For all the traders and 
2026-10-06T20:19:18.703994+00:00,members,80,"he Glitched Purple (TGP) 80 members TGP's official group!

t"
2026-10-06T23:57:44.886087+00:00,members,4003,"xplore groups 844 Vortex 4,003 members This is the official gro"
2026-10-06T23:57:44.886087+00:00,members,2827,"veloper Join Vortex OGs! 2,827 members a group for vortex OGs t"
2026-10-06T23:57:44.886087+00:00,members,1148," By tex Join Vortex Devs 1,148 members if u HATE coding join th"
2026-10-06T23:57:44.886087+00:00,members,856,rrito Join rareusernames 856 members join if u got a rare use
2026-10-06T23:57:44.886087+00:00,members,544,dds them By sin Join KEY 544 members Use Starcode: KEY When P
2026-10-06T23:57:44.886087+00:00,members,300," OF KEY

September 3rd - 300 Members!
September 30th - 500 Me"
2026-10-06T23:57:44.886087+00:00,members,500,"embers!
September 30th - 500 Members! By Key Join ANTI-ROBLOX"
2026-10-06T23:57:44.886087+00:00,members,528, By Key Join ANTI-ROBLOX 528 members vortexians are better (i
2026-10-06T23:57:44.886087+00:00,members,526,wI Join Rarest Usernames 526 members The OFFICIAL Rare Userna
2026-10-06T23:57:44.886087+00:00,members,394,lade Join Obby Community 394 members A group for if you have 
2026-10-06T23:57:44.886087+00:00,members,336,n Join First 100k Users! 336 members Only first 100k vortex u
2026-10-06T23:57:44.886087+00:00,members,311,"! By camo Join BUSH CLUB 311 members BUSH CLUB FOREVER!!!
The"
2026-10-06T23:57:44.886087+00:00,members,262,in Wire - Volt Giveaways 262 members The Official Vortex grou
2026-10-06T23:57:44.886087+00:00,members,226,rian Join The 2Toneverse 226 members This Is The Official Fan
2026-10-06T23:57:44.886087+00:00,members,212,Tone Join VortexCon 2026 212 members VortexCon is a community
2026-10-06T23:57:44.886087+00:00,members,180,ficial Vortex News Group 180 members This is the official gro
2026-10-06T23:57:44.886087+00:00,members,173,Brainy Join Team Carmine 173 members Join Today! By Carmine J
2026-10-06T23:57:44.886087+00:00,members,166,ine Join Vortex Builders 166 members A Group for Builders By 
2026-10-06T23:57:44.886087+00:00,members,145,y Asmo Join Vortex Mafia 145 members This is the Vortex Mafia
2026-10-06T23:57:44.886087+00:00,members,132,SharpRust Join Car Club! 132 members Join our community! We r
2026-10-06T23:57:44.886087+00:00,members,129,BlockMan Join NameSnipes 129 members The Official NameSnipes 
2026-10-06T23:57:44.886087+00:00,members,123,e Join erik2's wasteland 123 members we are the wastelanders!
2026-10-06T23:57:44.886087+00:00,members,114,res By erik2 Join kostas 114 members kostas By kostas Join Ch
2026-10-06T23:57:44.886087+00:00,members,110, kostas Join Chimes gang 110 members Lets get to the top of t
2026-10-06T23:57:44.886087+00:00,members,110, Chime Join Luxs Network 110 members starcode: lux By ItsJust
2026-10-06T23:57:44.886087+00:00,members,103,repidation Productions!) 103 members The official trepidation
2026-10-06T23:57:44.886087+00:00,members,103,ldudeweee Join Cool Gang 103 members Join this group if you a
2026-10-06T23:57:44.886087+00:00,members,100, cool. By Jacob Join 777 100 members We love Gambling $$ \($_
2026-10-06T23:57:44.886087+00:00,members,94,talog Join Myth hunters! 94 members Welcome to vortex myth h
2026-10-06T23:57:44.886087+00:00,members,93,"in The Omniscient Empire 93 members The Eye Will Provide...
"
2026-10-06T23:57:44.886087+00:00,members,91,seer Join Vortex Traders 91 members For all the traders and 
2026-10-06T23:57:44.886087+00:00,members,80,"he Glitched Purple (TGP) 80 members TGP's official group!

t"
2026-10-07T04:56:55.466089+00:00,members,4020,"xplore groups 848 Vortex 4,020 members This is the official gro"
2026-10-07T04:56:55.466089+00:00,members,2843,"er Join Alpha Testers :D 2,843 members right now, all users cou"
2026-10-07T04:56:55.466089+00:00,members,3000,"anks everyone for almost 3,000 members
its crazy to see it grow"
2026-10-07T04:56:55.466089+00:00,members,1153," By tex Join Vortex Devs 1,153 members if u HATE coding join th"
2026-10-07T04:56:55.466089+00:00,members,860,rrito Join rareusernames 860 members join if u got a rare use
2026-10-07T04:56:55.466089+00:00,members,546,dds them By sin Join KEY 546 members Use Starcode: KEY When P
2026-10-07T04:56:55.466089+00:00,members,300," OF KEY

September 3rd - 300 Members!
September 30th - 500 Me"
2026-10-07T04:56:55.466089+00:00,members,500,"embers!
September 30th - 500 Members! By Key Join ANTI-ROBLOX"
2026-10-07T04:56:55.466089+00:00,members,531, By Key Join ANTI-ROBLOX 531 members vortexians are better (i
2026-10-07T04:56:55.466089+00:00,members,527,wI Join Rarest Usernames 527 members The OFFICIAL Rare Userna
2026-10-07T04:56:55.466089+00:00,members,396,lade Join Obby Community 396 members A group for if you have 
2026-10-07T04:56:55.466089+00:00,members,338,n Join First 100k Users! 338 members Only first 100k vortex u
2026-10-07T04:56:55.466089+00:00,members,311,"! By camo Join BUSH CLUB 311 members BUSH CLUB FOREVER!!!
The"
2026-10-07T04:56:55.466089+00:00,members,263,in Wire - Volt Giveaways 263 members The Official Vortex grou
2026-10-07T04:56:55.466089+00:00,members,226,rian Join The 2Toneverse 226 members This Is The Official Fan
2026-10-07T04:56:55.466089+00:00,members,213,Tone Join VortexCon 2026 213 members VortexCon is a community
2026-10-07T04:56:55.466089+00:00,members,180,ficial Vortex News Group 180 members This is the official gro
2026-10-07T04:56:55.466089+00:00,members,173,Brainy Join Team Carmine 173 members Join Today! By Carmine J
2026-10-07T04:56:55.466089+00:00,members,166,ine Join Vortex Builders 166 members A Group for Builders By 
2026-10-07T04:56:55.466089+00:00,members,146,y Asmo Join Vortex Mafia 146 members This is the Vortex Mafia
2026-10-07T04:56:55.466089+00:00,members,132,SharpRust Join Car Club! 132 members Join our community! We r
2026-10-07T04:56:55.466089+00:00,members,129,BlockMan Join NameSnipes 129 members The Official NameSnipes 
2026-10-07T04:56:55.466089+00:00,members,123,e Join erik2's wasteland 123 members we are the wastelanders!
2026-10-07T04:56:55.466089+00:00,members,117,y erik2 Join Chimes gang 117 members Lets get to the top of t
2026-10-07T04:56:55.466089+00:00,members,115,ge! By Chime Join kostas 115 members kostas By kostas Join Lu
2026-10-07T04:56:55.466089+00:00,members,111,kostas Join Luxs Network 111 members starcode: lux By ItsJust
2026-10-07T04:56:55.466089+00:00,members,103,repidation Productions!) 103 members The official trepidation
2026-10-07T04:56:55.466089+00:00,members,103,ldudeweee Join Cool Gang 103 members Join this group if you a
2026-10-07T04:56:55.466089+00:00,members,100, cool. By Jacob Join 777 100 members We love Gambling $$ \($_
2026-10-07T04:56:55.466089+00:00,members,96,talog Join Myth hunters! 96 members Welcome to vortex myth h
2026-10-07T04:56:55.466089+00:00,members,93,"in The Omniscient Empire 93 members The Eye Will Provide...
"
2026-10-07T04:56:55.466089+00:00,members,91,seer Join Vortex Traders 91 members For all the traders and 
2026-10-07T04:56:55.466089+00:00,members,80,"he Glitched Purple (TGP) 80 members TGP's official group!

t"
2026-10-07T11:32:36.043326+00:00,members,4031,"xplore groups 855 Vortex 4,031 members This is the official gro"
2026-10-07T11:32:36.043326+00:00,members,2848,"er Join Alpha Testers :D 2,848 members right now, all users cou"
2026-10-07T11:32:36.043326+00:00,members,3000,"anks everyone for almost 3,000 members
its crazy to see it grow"
2026-10-07T11:32:36.043326+00:00,members,1154," By tex Join Vortex Devs 1,154 members if u HATE coding join th"
2026-10-07T11:32:36.043326+00:00,members,861,rrito Join rareusernames 861 members join if u got a rare use
2026-10-07T11:32:36.043326+00:00,members,547,dds them By sin Join KEY 547 members Use Starcode: KEY When P
2026-10-07T11:32:36.043326+00:00,members,300," OF KEY

September 3rd - 300 Members!
September 30th - 500 Me"
2026-10-07T11:32:36.043326+00:00,members,500,"embers!
September 30th - 500 Members! By Key Join ANTI-ROBLOX"
2026-10-07T11:32:36.043326+00:00,members,531, By Key Join ANTI-ROBLOX 531 members vortexians are better (i
2026-10-07T11:32:36.043326+00:00,members,527,wI Join Rarest Usernames 527 members The OFFICIAL Rare Userna
2026-10-07T11:32:36.043326+00:00,members,397,lade Join Obby Community 397 members A group for if you have 
2026-10-07T11:32:36.043326+00:00,members,341,n Join First 100k Users! 341 members Only first 100k vortex u
2026-10-07T11:32:36.043326+00:00,members,312,"! By camo Join BUSH CLUB 312 members BUSH CLUB FOREVER!!!
The"
2026-10-07T11:32:36.043326+00:00,members,263,in Wire - Volt Giveaways 263 members The Official Vortex grou
2026-10-07T11:32:36.043326+00:00,members,226,rian Join The 2Toneverse 226 members This Is The Official Fan
2026-10-07T11:32:36.043326+00:00,members,213,Tone Join VortexCon 2026 213 members VortexCon is a community
2026-10-07T11:32:36.043326+00:00,members,181,ficial Vortex News Group 181 members This is the official gro
2026-10-07T11:32:36.043326+00:00,members,173,Brainy Join Team Carmine 173 members Join Today! By Carmine J
2026-10-07T11:32:36.043326+00:00,members,166,ine Join Vortex Builders 166 members A Group for Builders By 
2026-10-07T11:32:36.043326+00:00,members,146,y Asmo Join Vortex Mafia 146 members This is the Vortex Mafia
2026-10-07T11:32:36.043326+00:00,members,132,SharpRust Join Car Club! 132 members Join our community! We r
2026-10-07T11:32:36.043326+00:00,members,129,BlockMan Join NameSnipes 129 members The Official NameSnipes 
2026-10-07T11:32:36.043326+00:00,members,123,e Join erik2's wasteland 123 members we are the wastelanders!
2026-10-07T11:32:36.043326+00:00,members,118,y erik2 Join Chimes gang 118 members Lets get to the top of t
2026-10-07T11:32:36.043326+00:00,members,115,ge! By Chime Join kostas 115 members kostas By kostas Join Lu
2026-10-07T11:32:36.043326+00:00,members,111,kostas Join Luxs Network 111 members starcode: lux By ItsJust
2026-10-07T11:32:36.043326+00:00,members,103,repidation Productions!) 103 members The official trepidation
2026-10-07T11:32:36.043326+00:00,members,103,ldudeweee Join Cool Gang 103 members Join this group if you a
2026-10-07T11:32:36.043326+00:00,members,101, cool. By Jacob Join 777 101 members We love Gambling $$ \($_
2026-10-07T11:32:36.043326+00:00,members,97,talog Join Myth hunters! 97 members Welcome to vortex myth h
2026-10-07T11:32:36.043326+00:00,members,93,"in The Omniscient Empire 93 members The Eye Will Provide...
"
2026-10-07T11:32:36.043326+00:00,members,92,seer Join Vortex Traders 92 members For all the traders and 
2026-10-07T11:32:36.043326+00:00,members,80,"he Glitched Purple (TGP) 80 members TGP's official group!

t"
2026-10-07T17:58:07.428714+00:00,members,4043,"xplore groups 858 Vortex 4,043 members This is the official gro"
2026-10-07T17:58:07.428714+00:00,members,2859,"er Join Alpha Testers :D 2,859 members right now, all users cou"
2026-10-07T17:58:07.428714+00:00,members,3000,"anks everyone for almost 3,000 members
its crazy to see it grow"
2026-10-07T17:58:07.428714+00:00,members,1163," By tex Join Vortex Devs 1,163 members if u HATE coding join th"
2026-10-07T17:58:07.428714+00:00,members,868,rrito Join rareusernames 868 members join if u got a rare use
2026-10-07T17:58:07.428714+00:00,members,548,dds them By sin Join KEY 548 members Use Starcode: KEY When P
2026-10-07T17:58:07.428714+00:00,members,300," OF KEY

September 3rd - 300 Members!
September 30th - 500 Me"
2026-10-07T17:58:07.428714+00:00,members,500,"embers!
September 30th - 500 Members! By Key Join ANTI-ROBLOX"
2026-10-07T17:58:07.428714+00:00,members,536, By Key Join ANTI-ROBLOX 536 members vortexians are better (i
2026-10-07T17:58:07.428714+00:00,members,532,wI Join Rarest Usernames 532 members The OFFICIAL Rare Userna
2026-10-07T17:58:07.428714+00:00,members,397,lade Join Obby Community 397 members A group for if you have 
2026-10-07T17:58:07.428714+00:00,members,344,n Join First 100k Users! 344 members Only first 100k vortex u
2026-10-07T17:58:07.428714+00:00,members,313,"! By camo Join BUSH CLUB 313 members BUSH CLUB FOREVER!!!
The"
2026-10-07T17:58:07.428714+00:00,members,264,in Wire - Volt Giveaways 264 members The Official Vortex grou
2026-10-07T17:58:07.428714+00:00,members,227,rian Join The 2Toneverse 227 members This Is The Official Fan
2026-10-07T17:58:07.428714+00:00,members,213,Tone Join VortexCon 2026 213 members VortexCon is a community
2026-10-07T17:58:07.428714+00:00,members,182,ficial Vortex News Group 182 members This is the official gro
2026-10-07T17:58:07.428714+00:00,members,173,Brainy Join Team Carmine 173 members Join Today! By Carmine J
2026-10-07T17:58:07.428714+00:00,members,167,ine Join Vortex Builders 167 members A Group for Builders By 
2026-10-07T17:58:07.428714+00:00,members,145,y Asmo Join Vortex Mafia 145 members This is the Vortex Mafia
2026-10-07T17:58:07.428714+00:00,members,132,SharpRust Join Car Club! 132 members Join our community! We r
2026-10-07T17:58:07.428714+00:00,members,129,BlockMan Join NameSnipes 129 members The Official NameSnipes 
2026-10-07T17:58:07.428714+00:00,members,124,e Join erik2's wasteland 124 members we are the wastelanders!
2026-10-07T17:58:07.428714+00:00,members,118,y erik2 Join Chimes gang 118 members Lets get to the top of t
2026-10-07T17:58:07.428714+00:00,members,117,ge! By Chime Join kostas 117 members kostas By kostas Join Lu
2026-10-07T17:58:07.428714+00:00,members,113,kostas Join Luxs Network 113 members starcode: lux By ItsJust
2026-10-07T17:58:07.428714+00:00,members,104,tsJustLux Join Cool Gang 104 members Join this group if you a
2026-10-07T17:58:07.428714+00:00,members,103,repidation Productions!) 103 members The official trepidation
2026-10-07T17:58:07.428714+00:00,members,101,Iamcooldudeweee Join 777 101 members We love Gambling $$ \($_
2026-10-07T17:58:07.428714+00:00,members,98,talog Join Myth hunters! 98 members Welcome to vortex myth h
2026-10-07T17:58:07.428714+00:00,members,93,kiwi Join Vortex Traders 93 members For all the traders and 
2026-10-07T17:58:07.428714+00:00,members,93,"in The Omniscient Empire 93 members The Eye Will Provide...
"
2026-10-07T17:58:07.428714+00:00,members,80,"he Glitched Purple (TGP) 80 members TGP's official group!

t"
2026-10-07T22:53:25.254921+00:00,members,4054,"xplore groups 859 Vortex 4,054 members This is the official gro"
2026-10-07T22:53:25.254921+00:00,members,2863,"loper Join Alpha Testers 2,863 members right now, all users cou"
2026-10-07T22:53:25.254921+00:00,members,3000,"anks everyone for almost 3,000 members
its crazy to see it grow"
2026-10-07T22:53:25.254921+00:00,members,1166," By tex Join Vortex Devs 1,166 members if u HATE coding join th"
2026-10-07T22:53:25.254921+00:00,members,869,rrito Join rareusernames 869 members join if u got a rare use
2026-10-07T22:53:25.254921+00:00,members,550,dds them By sin Join KEY 550 members Use Starcode: KEY When P
2026-10-07T22:53:25.254921+00:00,members,300," OF KEY

September 3rd - 300 Members!
September 30th - 500 Me"
2026-10-07T22:53:25.254921+00:00,members,500,"embers!
September 30th - 500 Members! By Key Join ANTI-ROBLOX"
2026-10-07T22:53:25.254921+00:00,members,539, By Key Join ANTI-ROBLOX 539 members vortexians are better (i
2026-10-07T22:53:25.254921+00:00,members,535,wI Join Rarest Usernames 535 members The OFFICIAL Rare Userna
2026-10-07T22:53:25.254921+00:00,members,399,lade Join Obby Community 399 members A group for if you have 
2026-10-07T22:53:25.254921+00:00,members,350,n Join First 100k Users! 350 members Only first 100k vortex u
2026-10-07T22:53:25.254921+00:00,members,314,"! By camo Join BUSH CLUB 314 members BUSH CLUB FOREVER!!!
The"
2026-10-07T22:53:25.254921+00:00,members,265,in Wire - Volt Giveaways 265 members The Official Vortex grou
2026-10-07T22:53:25.254921+00:00,members,227,rian Join The 2Toneverse 227 members This Is The Official Fan
2026-10-07T22:53:25.254921+00:00,members,214,Tone Join VortexCon 2026 214 members VortexCon is a community
2026-10-07T22:53:25.254921+00:00,members,184,ficial Vortex News Group 184 members This is the official gro
2026-10-07T22:53:25.254921+00:00,members,175,Brainy Join Team Carmine 175 members Join Today! By Carmine J
2026-10-07T22:53:25.254921+00:00,members,167,ine Join Vortex Builders 167 members A Group for Builders By 
2026-10-07T22:53:25.254921+00:00,members,145,y Asmo Join Vortex Mafia 145 members This is the Vortex Mafia
2026-10-07T22:53:25.254921+00:00,members,132,SharpRust Join Car Club! 132 members Join our community! We r
2026-10-07T22:53:25.254921+00:00,members,129,BlockMan Join NameSnipes 129 members The Official NameSnipes 
2026-10-07T22:53:25.254921+00:00,members,124,e Join erik2's wasteland 124 members we are the wastelanders!
2026-10-07T22:53:25.254921+00:00,members,117,y erik2 Join Chimes gang 117 members Lets get to the top of t
2026-10-07T22:53:25.254921+00:00,members,117,ge! By Chime Join kostas 117 members kostas By kostas Join Lu
2026-10-07T22:53:25.254921+00:00,members,115,kostas Join Luxs Network 115 members starcode: lux By ItsJust
2026-10-07T22:53:25.254921+00:00,members,105,tsJustLux Join Cool Gang 105 members Join this group if you a
2026-10-07T22:53:25.254921+00:00,members,103,repidation Productions!) 103 members The official trepidation
2026-10-07T22:53:25.254921+00:00,members,101,Iamcooldudeweee Join 777 101 members We love Gambling $$ \($_
2026-10-07T22:53:25.254921+00:00,members,99,talog Join Myth hunters! 99 members Welcome to vortex myth h
2026-10-07T22:53:25.254921+00:00,members,94,"in The Omniscient Empire 94 members The Eye Will Provide...
"
2026-10-07T22:53:25.254921+00:00,members,93,seer Join Vortex Traders 93 members For all the traders and 
2026-10-07T22:53:25.254921+00:00,members,80,"he Glitched Purple (TGP) 80 members TGP's official group!

t"
2026-10-08T02:28:00.685230+00:00,members,4066,"xplore groups 860 Vortex 4,066 members This is the official gro"
2026-10-08T02:28:00.685230+00:00,members,2873,"loper Join Alpha Testers 2,873 members right now, all users cou"
2026-10-08T02:28:00.685230+00:00,members,3000,"anks everyone for almost 3,000 members
its crazy to see it grow"
2026-10-08T02:28:00.685230+00:00,members,1169," By tex Join Vortex Devs 1,169 members if u HATE coding join th"
2026-10-08T02:28:00.685230+00:00,members,872,rrito Join rareusernames 872 members join if u got a rare use
2026-10-08T02:28:00.685230+00:00,members,551,dds them By sin Join KEY 551 members Use Starcode: KEY When P
2026-10-08T02:28:00.685230+00:00,members,300," OF KEY

September 3rd - 300 Members!
September 30th - 500 Me"
2026-10-08T02:28:00.685230+00:00,members,500,"embers!
September 30th - 500 Members! By Key Join ANTI-ROBLOX"
2026-10-08T02:28:00.685230+00:00,members,542, By Key Join ANTI-ROBLOX 542 members vortexians are better (i
2026-10-08T02:28:00.685230+00:00,members,537,wI Join Rarest Usernames 537 members The OFFICIAL Rare Userna
2026-10-08T02:28:00.685230+00:00,members,402,lade Join Obby Community 402 members A group for if you have 
2026-10-08T02:28:00.685230+00:00,members,355,n Join First 100k Users! 355 members Only first 100k vortex u
2026-10-08T02:28:00.685230+00:00,members,314,"! By camo Join BUSH CLUB 314 members BUSH CLUB FOREVER!!!
The"
2026-10-08T02:28:00.685230+00:00,members,267,in Wire - Volt Giveaways 267 members The Official Vortex grou
2026-10-08T02:28:00.685230+00:00,members,227,rian Join The 2Toneverse 227 members This Is The Official Fan
2026-10-08T02:28:00.685230+00:00,members,214,Tone Join VortexCon 2026 214 members VortexCon is a community
2026-10-08T02:28:00.685230+00:00,members,186,ficial Vortex News Group 186 members This is the official gro
2026-10-08T02:28:00.685230+00:00,members,175,Brainy Join Team Carmine 175 members Join Today! By Carmine J
2026-10-08T02:28:00.685230+00:00,members,168,ine Join Vortex Builders 168 members A Group for Builders By 
2026-10-08T02:28:00.685230+00:00,members,145,y Asmo Join Vortex Mafia 145 members This is the Vortex Mafia
2026-10-08T02:28:00.685230+00:00,members,132,SharpRust Join Car Club! 132 members Join our community! We r
2026-10-08T02:28:00.685230+00:00,members,129,BlockMan Join NameSnipes 129 members The Official NameSnipes 
2026-10-08T02:28:00.685230+00:00,members,124,e Join erik2's wasteland 124 members we are the wastelanders!
2026-10-08T02:28:00.685230+00:00,members,118,y erik2 Join Chimes gang 118 members Lets get to the top of t
2026-10-08T02:28:00.685230+00:00,members,117,ge! By Chime Join kostas 117 members kostas By kostas Join Lu
2026-10-08T02:28:00.685230+00:00,members,115,kostas Join Luxs Network 115 members starcode: lux By ItsJust
2026-10-08T02:28:00.685230+00:00,members,106,tsJustLux Join Cool Gang 106 members Join this group if you a
2026-10-08T02:28:00.685230+00:00,members,103,repidation Productions!) 103 members The official trepidation
2026-10-08T02:28:00.685230+00:00,members,101,Iamcooldudeweee Join 777 101 members We love Gambling $$ \($_
2026-10-08T02:28:00.685230+00:00,members,100,talog Join Myth hunters! 100 members Welcome to vortex myth h
2026-10-08T02:28:00.685230+00:00,members,94,kiwi Join Vortex Traders 94 members For all the traders and 
2026-10-08T02:28:00.685230+00:00,members,94,"in The Omniscient Empire 94 members The Eye Will Provide...
"
2026-10-08T02:28:00.685230+00:00,members,80,"he Glitched Purple (TGP) 80 members TGP's official group!

t"
